beer_name,brand,brewery,style,abv,calories,size,package_type,karnataka_price_min,karnataka_price_max,karnataka_price_observations_json,gtin,barcode,image_url,manufacturer_url,sources,confidence_score,last_verified_note
Kingfisher Premium Lager Beer,Kingfisher,United Breweries Ltd (Nanjangud unit) — KSBCL Supplier Code 0210,Lager,,,650ML x 12 Btls,"Bottle, case of 12",110.0,110.0,"[{""value"": ""Rs. 110.00 per bottle (item code 2100900100, price effective 12-May-2026)"", ""source"": ""Karnataka State Beverages Corporation Limited (KSBCL) — official Government of Karnataka PSU website, Supplier-wise Item-wise Price List"", ""source_url"": ""https://ksbcl.karnataka.gov.in/uploads/supplier%20wise%20item%20wise%20pricing%20details%20as%20on%2030_1784703781.pdf"", ""confidence"": ""High""}]",,,,,"Karnataka State Beverages Corporation Limited (KSBCL) — official Government of Karnataka PSU website, Supplier-wise Item-wise Price List",High,"Directly read from official KSBCL 'Supplier-wise Item-wise Price List as on 30.06.2026' PDF, row for item code 2100900100."
Kingfisher Strong Premium Beer,Kingfisher,United Breweries Ltd (Nanjangud unit) — KSBCL Supplier Code 0210,Strong Lager,,,650ML x 12 Btls,"Bottle, case of 12",180.0,180.0,"[{""value"": ""Rs. 180.00 per bottle (item code 2100900200, price effective 12-May-2026)"", ""source"": ""Karnataka State Beverages Corporation Limited (KSBCL) — official Government of Karnataka PSU website, Supplier-wise Item-wise Price List"", ""source_url"": ""https://ksbcl.karnataka.gov.in/uploads/supplier%20wise%20item%20wise%20pricing%20details%20as%20on%2030_1784703781.pdf"", ""confidence"": ""High""}]",,,,,"Karnataka State Beverages Corporation Limited (KSBCL) — official Government of Karnataka PSU website, Supplier-wise Item-wise Price List",High,Directly read from official KSBCL price list PDF.
Kingfisher Premium Lager Beer (Can),Kingfisher,United Breweries Ltd — KSBCL Supplier Code 0202,Lager,,,330ML,Can,100.0,100.0,"[{""value"": ""Rs. 100.00 per can (item code 2020900211, price effective 16-May-2025)"", ""source"": ""Karnataka State Beverages Corporation Limited (KSBCL) — official Government of Karnataka PSU website, Supplier-wise Item-wise Price List"", ""source_url"": ""https://ksbcl.karnataka.gov.in/uploads/supplier%20wise%20item%20wise%20pricing%20details%20as%20on%2030_1784703781.pdf"", ""confidence"": ""High""}]",,,,,"Karnataka State Beverages Corporation Limited (KSBCL) — official Government of Karnataka PSU website, Supplier-wise Item-wise Price List",High,Directly read from official KSBCL price list PDF.
Bullet Super Strong Beer,Bullet,United Breweries Ltd (formerly Karnataka Breweries & Dist.) — KSBCL Supplier Code 0206,Super Strong Lager,,,650ML x 12 Btls,"Bottle, case of 12",120.0,120.0,"[{""value"": ""Rs. 120.00 per bottle (item code 2060900100, price effective 12-May-2026)"", ""source"": ""Karnataka State Beverages Corporation Limited (KSBCL) — official Government of Karnataka PSU website, Supplier-wise Item-wise Price List"", ""source_url"": ""https://ksbcl.karnataka.gov.in/uploads/supplier%20wise%20item%20wise%20pricing%20details%20as%20on%2030_1784703781.pdf"", ""confidence"": ""High""}]",,,,,"Karnataka State Beverages Corporation Limited (KSBCL) — official Government of Karnataka PSU website, Supplier-wise Item-wise Price List",High,Directly read from official KSBCL price list PDF.
Heineken Lager Beer,Heineken,United Breweries Ltd (Nanjangud unit) — KSBCL Supplier Code 0210,Lager,,,650ML x 12 Btls,"Bottle, case of 12",200.0,200.0,"[{""value"": ""Rs. 200.00 per bottle (item code 2100902400, price effective 12-May-2026)"", ""source"": ""Karnataka State Beverages Corporation Limited (KSBCL) — official Government of Karnataka PSU website, Supplier-wise Item-wise Price List"", ""source_url"": ""https://ksbcl.karnataka.gov.in/uploads/supplier%20wise%20item%20wise%20pricing%20details%20as%20on%2030_1784703781.pdf"", ""confidence"": ""High""}]",,,,,"Karnataka State Beverages Corporation Limited (KSBCL) — official Government of Karnataka PSU website, Supplier-wise Item-wise Price List",High,Directly read from official KSBCL price list PDF.
Heineken Silver 100% Malt Lager Beer,Heineken,United Breweries Ltd (Nanjangud unit) — KSBCL Supplier Code 0210,Malt Lager,,,650ML x 12 Btls,"Bottle, case of 12",195.0,195.0,"[{""value"": ""Rs. 195.00 per bottle (item code 2100902500, price effective 12-May-2026)"", ""source"": ""Karnataka State Beverages Corporation Limited (KSBCL) — official Government of Karnataka PSU website, Supplier-wise Item-wise Price List"", ""source_url"": ""https://ksbcl.karnataka.gov.in/uploads/supplier%20wise%20item%20wise%20pricing%20details%20as%20on%2030_1784703781.pdf"", ""confidence"": ""High""}]",,,,,"Karnataka State Beverages Corporation Limited (KSBCL) — official Government of Karnataka PSU website, Supplier-wise Item-wise Price List",High,Directly read from official KSBCL price list PDF.
Budweiser Premium King Of Beers,Budweiser,S P R Distilleries Pvt Ltd — KSBCL Supplier Code 0212 (AB InBev brand under contract bottler),Lager,,,650ML,Bottle,215.01,215.01,"[{""value"": ""Rs. 215.01 per bottle (item code 2120901700, price effective 21-Jul-2023)"", ""source"": ""Karnataka State Beverages Corporation Limited (KSBCL) — official Government of Karnataka PSU website, Supplier-wise Item-wise Price List"", ""source_url"": ""https://ksbcl.karnataka.gov.in/uploads/supplier%20wise%20item%20wise%20pricing%20details%20as%20on%2030_1784703781.pdf"", ""confidence"": ""High""}]",,,,,"Karnataka State Beverages Corporation Limited (KSBCL) — official Government of Karnataka PSU website, Supplier-wise Item-wise Price List",High,"Directly read from official KSBCL price list PDF. Supplier of record on KSBCL register is S P R Distilleries Pvt Ltd, not AB InBev directly — this is inference from the supplier register, not confirmed against AB InBev's own site."
Budweiser Magnum Beer,Budweiser,S P R Distilleries Pvt Ltd — KSBCL Supplier Code 0212,Strong Lager,,,650ML,Bottle,220.0,220.0,"[{""value"": ""Rs. 220.00 per bottle (item code 2120901900, price effective 05-Apr-2023)"", ""source"": ""Karnataka State Beverages Corporation Limited (KSBCL) — official Government of Karnataka PSU website, Supplier-wise Item-wise Price List"", ""source_url"": ""https://ksbcl.karnataka.gov.in/uploads/supplier%20wise%20item%20wise%20pricing%20details%20as%20on%2030_1784703781.pdf"", ""confidence"": ""High""}]",,,,,"Karnataka State Beverages Corporation Limited (KSBCL) — official Government of Karnataka PSU website, Supplier-wise Item-wise Price List",High,Directly read from official KSBCL price list PDF.
Carlsberg Elephant Strong Super Premium Beer,Carlsberg Elephant,Carlsberg India Pvt Ltd — KSBCL Supplier Code 0205,Strong Lager,,,650ML x 12 Btls,"Bottle, case of 12",240.0,240.0,"[{""value"": ""Rs. 240.00 per bottle (item code 2050900100, price effective 14-May-2026)"", ""source"": ""Karnataka State Beverages Corporation Limited (KSBCL) — official Government of Karnataka PSU website, Supplier-wise Item-wise Price List"", ""source_url"": ""https://ksbcl.karnataka.gov.in/uploads/supplier%20wise%20item%20wise%20pricing%20details%20as%20on%2030_1784703781.pdf"", ""confidence"": ""High""}]",,,,,"Karnataka State Beverages Corporation Limited (KSBCL) — official Government of Karnataka PSU website, Supplier-wise Item-wise Price List",High,Directly read from official KSBCL price list PDF.
Tuborg Strong Premium Beer,Tuborg,Carlsberg India Pvt Ltd — KSBCL Supplier Code 0205,Strong Lager,,,650ML x 12 Btls,"Bottle, case of 12",170.0,170.0,"[{""value"": ""Rs. 170.00 per bottle (item code 2050900300, price effective 14-May-2026)"", ""source"": ""Karnataka State Beverages Corporation Limited (KSBCL) — official Government of Karnataka PSU website, Supplier-wise Item-wise Price List"", ""source_url"": ""https://ksbcl.karnataka.gov.in/uploads/supplier%20wise%20item%20wise%20pricing%20details%20as%20on%2030_1784703781.pdf"", ""confidence"": ""High""}]",,,,,"Karnataka State Beverages Corporation Limited (KSBCL) — official Government of Karnataka PSU website, Supplier-wise Item-wise Price List",High,Directly read from official KSBCL price list PDF.
Tuborg Green Beer,Tuborg,Carlsberg India Pvt Ltd — KSBCL Supplier Code 0205,Lager,,,650ML x 12 Btls,"Bottle, case of 12",145.0,145.0,"[{""value"": ""Rs. 145.00 per bottle (item code 2050900400, price effective 14-May-2026)"", ""source"": ""Karnataka State Beverages Corporation Limited (KSBCL) — official Government of Karnataka PSU website, Supplier-wise Item-wise Price List"", ""source_url"": ""https://ksbcl.karnataka.gov.in/uploads/supplier%20wise%20item%20wise%20pricing%20details%20as%20on%2030_1784703781.pdf"", ""confidence"": ""High""}]",,,,,"Karnataka State Beverages Corporation Limited (KSBCL) — official Government of Karnataka PSU website, Supplier-wise Item-wise Price List",High,Directly read from official KSBCL price list PDF.
Bira 91 Blonde Summer Lager Beer,Bira 91,B9 Beverages Pvt Ltd — KSBCL Supplier Code 0214,Lager,,,650ML,Bottle,220.0,220.0,"[{""value"": ""Rs. 220.00 per bottle (item code 2140900600, price effective 03-Sep-2024)"", ""source"": ""Karnataka State Beverages Corporation Limited (KSBCL) — official Government of Karnataka PSU website, Supplier-wise Item-wise Price List"", ""source_url"": ""https://ksbcl.karnataka.gov.in/uploads/supplier%20wise%20item%20wise%20pricing%20details%20as%20on%2030_1784703781.pdf"", ""confidence"": ""High""}]",,,,,"Karnataka State Beverages Corporation Limited (KSBCL) — official Government of Karnataka PSU website, Supplier-wise Item-wise Price List",High,Directly read from official KSBCL price list PDF.
Original Bira 91 Boom Super Strong Beer,Bira 91,B9 Beverages Pvt Ltd — KSBCL Supplier Code 0214,Super Strong Lager,,,650ML,Bottle,180.0,180.0,"[{""value"": ""Rs. 180.00 per bottle (item code 2140900300, price effective 03-Sep-2024)"", ""source"": ""Karnataka State Beverages Corporation Limited (KSBCL) — official Government of Karnataka PSU website, Supplier-wise Item-wise Price List"", ""source_url"": ""https://ksbcl.karnataka.gov.in/uploads/supplier%20wise%20item%20wise%20pricing%20details%20as%20on%2030_1784703781.pdf"", ""confidence"": ""High""}]",,,,,"Karnataka State Beverages Corporation Limited (KSBCL) — official Government of Karnataka PSU website, Supplier-wise Item-wise Price List",High,Directly read from official KSBCL price list PDF.
White Owl Boss Strong Premium Lager,White Owl,Woodpecker Distilleries and Breweries Pvt Ltd — KSBCL Supplier Code 0213,Strong Lager,,,650ML x 12 Btls,"Bottle, case of 12",150.01,150.01,"[{""value"": ""Rs. 150.01 per bottle (item code 2130901900, price effective 12-Jul-2021)"", ""source"": ""Karnataka State Beverages Corporation Limited (KSBCL) — official Government of Karnataka PSU website, Supplier-wise Item-wise Price List"", ""source_url"": ""https://ksbcl.karnataka.gov.in/uploads/supplier%20wise%20item%20wise%20pricing%20details%20as%20on%2030_1784703781.pdf"", ""confidence"": ""High""}]",,,,,"Karnataka State Beverages Corporation Limited (KSBCL) — official Government of Karnataka PSU website, Supplier-wise Item-wise Price List",High,Directly read from official KSBCL price list PDF.
Woodpecker Natural Lager Glide Premium Mild Beer,Woodpecker,Woodpecker Distilleries and Breweries Pvt Ltd — KSBCL Supplier Code 0213,Mild Lager,,,650ML x 12 Btls,"Bottle, case of 12",200.0,200.0,"[{""value"": ""Rs. 200.00 per bottle (item code 2130903200, price effective 23-May-2026)"", ""source"": ""Karnataka State Beverages Corporation Limited (KSBCL) — official Government of Karnataka PSU website, Supplier-wise Item-wise Price List"", ""source_url"": ""https://ksbcl.karnataka.gov.in/uploads/supplier%20wise%20item%20wise%20pricing%20details%20as%20on%2030_1784703781.pdf"", ""confidence"": ""High""}]",,,,,"Karnataka State Beverages Corporation Limited (KSBCL) — official Government of Karnataka PSU website, Supplier-wise Item-wise Price List",High,Directly read from official KSBCL price list PDF.
Guinness Draught Beer (Can),Guinness,Imported/marketed via Brindco Enterprises Pvt Ltd - Bangalore — KSBCL Supplier Code 0972,Stout,,,440ML x 24 Cans,"Can, case of 24",570.0,570.0,"[{""value"": ""Rs. 570.00 per can (item code 9720900139, price effective 12-Apr-2024)"", ""source"": ""Karnataka State Beverages Corporation Limited (KSBCL) — official Government of Karnataka PSU website, Supplier-wise Item-wise Price List"", ""source_url"": ""https://ksbcl.karnataka.gov.in/uploads/supplier%20wise%20item%20wise%20pricing%20details%20as%20on%2030_1784703781.pdf"", ""confidence"": ""High""}]",,,,,"Karnataka State Beverages Corporation Limited (KSBCL) — official Government of Karnataka PSU website, Supplier-wise Item-wise Price List",High,Directly read from official KSBCL price list PDF. Guinness is an imported foreign liquor entry channeled through a licensed importer/supplier.
Kolt Extra Strong Beer,Kolt,Khoday Breweries Limited — KSBCL Supplier Code 0204,Strong Lager,,,650ML,Bottle,135.0,135.0,"[{""value"": ""Rs. 135.00 per bottle (item code 2040902500, price effective 11-Jun-2020)"", ""source"": ""Karnataka State Beverages Corporation Limited (KSBCL) — official Government of Karnataka PSU website, Supplier-wise Item-wise Price List"", ""source_url"": ""https://ksbcl.karnataka.gov.in/uploads/supplier%20wise%20item%20wise%20pricing%20details%20as%20on%2030_1784703781.pdf"", ""confidence"": ""High""}]",,,,,"Karnataka State Beverages Corporation Limited (KSBCL) — official Government of Karnataka PSU website, Supplier-wise Item-wise Price List",High,Directly read from official KSBCL price list PDF.
CARLSBERG MIRACLE CAN 500,Carlsberg,Carlsberg India,,,,500 ml,Can,185.0,185.0,"[{""value"": ""₹185.00"", ""source"": ""Madhuloka (Bangalore/Karnataka liquor retailer) — Beer category"", ""source_url"": ""https://www.madhuloka.com/shop/category/beer-3"", ""confidence"": ""High""}]",,,https://mtlb.odoo.com/web/image/product.template/3401/image_1920?unique=74947e0,https://www.madhuloka.com/shop/m000067-carlsberg-miracle-can-500-3401,Madhuloka (Bangalore/Karnataka liquor retailer) — Beer category,High,Fetched product detail page directly; Brand and Size fields confirmed on-page. ABV/style not shown anywhere on site.
HOEGAARDEN ROSEE TIN,Hoegaarden,"Ab Inbev (listed as 'Brand' on site, likely importer not literal brewery)",,,,500 ml,Tin/Can,140.0,140.0,"[{""value"": ""₹140.00"", ""source"": ""Madhuloka (Bangalore/Karnataka liquor retailer) — Beer category"", ""source_url"": ""https://www.madhuloka.com/shop/category/beer-3"", ""confidence"": ""High""}]",,,https://mtlb.odoo.com/web/image/product.template/3728/image_1920?unique=de8803d,https://www.madhuloka.com/shop/m000061-hoegaarden-rosee-tin-3728,Madhuloka (Bangalore/Karnataka liquor retailer) — Beer category,High,Fetched product detail page directly; Brand/Size confirmed on-page.
KF PREMIUM BOTTLE,Kingfisher,United Breweries,,,,650 ml,Bottle,110.0,110.0,"[{""value"": ""₹110.00"", ""source"": ""Madhuloka (Bangalore/Karnataka liquor retailer) — Beer category"", ""source_url"": ""https://www.madhuloka.com/shop/category/beer-3"", ""confidence"": ""High""}]",,,https://mtlb.odoo.com/web/image/product.template/3842/image_1920?unique=2987702,https://www.madhuloka.com/shop/m000008-kf-premium-bottle-3842,Madhuloka (Bangalore/Karnataka liquor retailer) — Beer category,High,Fetched product detail page directly; Brand/Size confirmed on-page. 'Kingfisher' brand name inferred from 'KF' abbreviation (Medium confidence on that inference).
KF ULTRA MAX,Kingfisher,United Breweries,,,,650 ml,"Unknown (name suggests can/bottle, not stated)",245.0,245.0,"[{""value"": ""₹245.00"", ""source"": ""Madhuloka (Bangalore/Karnataka liquor retailer) — Beer category"", ""source_url"": ""https://www.madhuloka.com/shop/category/beer-3"", ""confidence"": ""High""}]",,,https://mtlb.odoo.com/web/image/product.template/3853/image_1920?unique=271a8d0,https://www.madhuloka.com/shop/m000021-kf-ultra-max-3853,Madhuloka (Bangalore/Karnataka liquor retailer) — Beer category,High,Fetched product detail page directly; Brand/Size confirmed on-page.
HAYWARDS 5000,Haywards 5000,Ab Inbev,,,,650 ml,Unknown,145.0,145.0,"[{""value"": ""₹145.00"", ""source"": ""Madhuloka (Bangalore/Karnataka liquor retailer) — Beer category"", ""source_url"": ""https://www.madhuloka.com/shop/category/beer-3"", ""confidence"": ""High""}]",,,https://mtlb.odoo.com/web/image/product.template/3256/image_1920?unique=4975a6e,https://www.madhuloka.com/shop/m000042-haywards-5000-3256,Madhuloka (Bangalore/Karnataka liquor retailer) — Beer category,High,Fetched product detail page directly; Brand/Size/Country confirmed on-page (Country: India).
SIMBA STOUT PINT,Simba,Sona Beverages,Stout (from product name),,,330 ml,"Pint (small bottle, ~330ml format used by this retailer)",165.0,165.0,"[{""value"": ""₹165.00"", ""source"": ""Madhuloka (Bangalore/Karnataka liquor retailer) — Beer category"", ""source_url"": ""https://www.madhuloka.com/shop/category/beer-3"", ""confidence"": ""High""}]",,,https://mtlb.odoo.com/web/image/product.template/4382/image_1920?unique=8cda054,https://www.madhuloka.com/shop/m000088-simba-stout-pint-4382,Madhuloka (Bangalore/Karnataka liquor retailer) — Beer category,High,Fetched product detail page directly; Brand/Size confirmed on-page.
HEINEKEN SILVER,Heineken,United Breweries,,,,330 ml,Unknown,120.0,120.0,"[{""value"": ""₹120.00"", ""source"": ""Madhuloka (Bangalore/Karnataka liquor retailer) — Beer category"", ""source_url"": ""https://www.madhuloka.com/shop/category/beer-3"", ""confidence"": ""High""}]",,,https://mtlb.odoo.com/web/image/product.template/3700/image_1920?unique=5c60714,https://www.madhuloka.com/shop/m001087-heineken-silver-3700,Madhuloka (Bangalore/Karnataka liquor retailer) — Beer category,High,"Fetched product detail page directly (slug ends -3700); Brand/Size confirmed. Note: two other 'HEINEKEN SILVER' listings exist at different prices/sizes (likely different pack sizes), only this one's detail page was fetched."
HEINEKEN SILVER,Heineken,,,,,,Unknown,155.0,195.0,"[{""value"": ""₹195.00"", ""source"": ""Madhuloka (Bangalore/Karnataka liquor retailer) — Beer category"", ""source_url"": ""https://www.madhuloka.com/shop/category/beer-3"", ""confidence"": ""Medium""}, {""value"": ""₹155.00"", ""source"": ""Madhuloka (Bangalore/Karnataka liquor retailer) — Beer category"", ""source_url"": ""https://www.madhuloka.com/shop/category/beer-3"", ""confidence"": ""Medium""}]",,,https://www.madhuloka.com/web/image/product.template/3699/image_512/%5BM001084%5D%20HEINEKEN%20SILVER?unique=0aa8dce,https://www.madhuloka.com/shop/m001084-heineken-silver-3699,Madhuloka (Bangalore/Karnataka liquor retailer) — Beer category,Medium,"Seen only on category listing page (name, price, image); its own product detail page was not fetched, so Brand/Size not independently confirmed for this specific SKU (distinct product id 3699 vs the one above, id 3700)."
KNOCK OUT BOTTLE,Knock Out,Ab Inbev,,,,650 ml,Bottle,175.0,175.0,"[{""value"": ""₹175.00"", ""source"": ""Madhuloka (Bangalore/Karnataka liquor retailer) — Beer category"", ""source_url"": ""https://www.madhuloka.com/shop/category/beer-3"", ""confidence"": ""High""}]",,,https://mtlb.odoo.com/web/image/product.template/3874/image_1920?unique=13444b1,https://www.madhuloka.com/shop/m000045-knock-out-bottle-3874,Madhuloka (Bangalore/Karnataka liquor retailer) — Beer category,High,Fetched product detail page directly; Brand/Size confirmed.
KNOCK OUT TIN,Knock Out,,,,,,Tin/Can,105.0,135.0,"[{""value"": ""₹135.00"", ""source"": ""Madhuloka (Bangalore/Karnataka liquor retailer) — Beer category"", ""source_url"": ""https://www.madhuloka.com/shop/category/beer-3"", ""confidence"": ""Medium""}, {""value"": ""₹105.00"", ""source"": ""Madhuloka (Bangalore/Karnataka liquor retailer) — Beer category"", ""source_url"": ""https://www.madhuloka.com/shop/category/beer-3"", ""confidence"": ""Medium""}]",,,,https://www.madhuloka.com/shop/m000048-knock-out-tin-3877,Madhuloka (Bangalore/Karnataka liquor retailer) — Beer category,Medium,Seen only on category listing page; image was a generic placeholder (not a real product photo) so image_url omitted; detail page not fetched.
GRIZLY PEACH AND BLACK TEA,Grizly,,,,,,Unknown,200.0,200.0,"[{""value"": ""₹200.00"", ""source"": ""Madhuloka (Bangalore/Karnataka liquor retailer) — Beer category"", ""source_url"": ""https://www.madhuloka.com/shop/category/beer-3"", ""confidence"": ""Medium""}]",,,,https://www.madhuloka.com/shop/m000005-grizly-peach-and-black-tea-3642,Madhuloka (Bangalore/Karnataka liquor retailer) — Beer category,Medium,Seen only on category listing page; image was generic placeholder (omitted); detail page not fetched. Note: this may be a flavored malt beverage rather than a traditional beer style; retailer lists it in the Beer category.
SIMBA ROAR STRONG,Simba,Sona Beverages (inferred from other Simba SKUs on same site; not directly confirmed for this specific SKU),,,,,Unknown,135.0,170.0,"[{""value"": ""₹135.00"", ""source"": ""Madhuloka (Bangalore/Karnataka liquor retailer) — Beer category"", ""source_url"": ""https://www.madhuloka.com/shop/category/beer-3"", ""confidence"": ""Medium""}, {""value"": ""₹170.00"", ""source"": ""Madhuloka (Bangalore/Karnataka liquor retailer) — Beer category"", ""source_url"": ""https://www.madhuloka.com/shop/category/beer-3"", ""confidence"": ""Medium""}]",,,https://www.madhuloka.com/web/image/product.template/4380/image_512/%5BM000056%5D%20SIMBA%20ROAR%20STRONG?unique=7b7bbbc,https://www.madhuloka.com/shop/m000056-simba-roar-strong-4380,Madhuloka (Bangalore/Karnataka liquor retailer) — Beer category,Medium,Seen only on category listing page; detail page not fetched for this SKU.
BUDWEISER MAGNUM BOTTLE,Budweiser,Ab Inbev,,,,650 ml,Bottle,250.0,250.0,"[{""value"": ""₹250.00"", ""source"": ""Madhuloka (Bangalore/Karnataka liquor retailer) — Beer category"", ""source_url"": ""https://www.madhuloka.com/shop/category/beer-3"", ""confidence"": ""High""}]",,,https://mtlb.odoo.com/web/image/product.template/3373/image_1920?unique=0d8aa17,https://www.madhuloka.com/shop/m000039-budweiser-magnum-bottle-3373,Madhuloka (Bangalore/Karnataka liquor retailer) — Beer category,High,Fetched product detail page directly; Brand/Size confirmed.
BUDWEISER MAGNUM TIN,Budweiser,,,,,,Tin/Can,155.0,200.0,"[{""value"": ""₹200.00"", ""source"": ""Madhuloka (Bangalore/Karnataka liquor retailer) — Beer category"", ""source_url"": ""https://www.madhuloka.com/shop/category/beer-3"", ""confidence"": ""Medium""}, {""value"": ""₹155.00"", ""source"": ""Madhuloka (Bangalore/Karnataka liquor retailer) — Beer category"", ""source_url"": ""https://www.madhuloka.com/shop/category/beer-3"", ""confidence"": ""Medium""}]",,,https://www.madhuloka.com/web/image/product.template/3375/image_512/%5BM000041%5D%20BUDWEISER%20MAGNUM%20TIN?unique=7514996,https://www.madhuloka.com/shop/m000041-budweiser-magnum-tin-3375,Madhuloka (Bangalore/Karnataka liquor retailer) — Beer category,Medium,Seen only on category listing page; detail page not fetched.
BUDWEISER PREMIUM BOTTLE,Budweiser,,,,,,Bottle,205.0,205.0,"[{""value"": ""₹205.00"", ""source"": ""Madhuloka (Bangalore/Karnataka liquor retailer) — Beer category"", ""source_url"": ""https://www.madhuloka.com/shop/category/beer-3"", ""confidence"": ""Medium""}]",,,https://www.madhuloka.com/web/image/product.template/3376/image_512/%5BM000035%5D%20BUDWEISER%20PREMIUM%20BOTTLE?unique=bc765ae,https://www.madhuloka.com/shop/m000035-budweiser-premium-bottle-3376,Madhuloka (Bangalore/Karnataka liquor retailer) — Beer category,Medium,Seen only on category listing page; detail page not fetched.
BUDWEISER PREMIUM PINT,Budweiser,,,,,,Pint (small bottle),120.0,120.0,"[{""value"": ""₹120.00"", ""source"": ""Madhuloka (Bangalore/Karnataka liquor retailer) — Beer category"", ""source_url"": ""https://www.madhuloka.com/shop/category/beer-3"", ""confidence"": ""Medium""}]",,,https://www.madhuloka.com/web/image/product.template/3377/image_512/%5BM000036%5D%20BUDWEISER%20PREMIUM%20PINT?unique=167e7c7,https://www.madhuloka.com/shop/m000036-budweiser-premium-pint-3377,Madhuloka (Bangalore/Karnataka liquor retailer) — Beer category,Medium,Seen only on category listing page; detail page not fetched.
BUDWEISER PREMIUM TIN,Budweiser,,,,,,Tin/Can,160.0,160.0,"[{""value"": ""₹160.00"", ""source"": ""Madhuloka (Bangalore/Karnataka liquor retailer) — Beer category"", ""source_url"": ""https://www.madhuloka.com/shop/category/beer-3"", ""confidence"": ""Medium""}]",,,https://www.madhuloka.com/web/image/product.template/3378/image_512/%5BM000037%5D%20BUDWEISER%20PREMIUM%20TIN?unique=7570e0c,https://www.madhuloka.com/shop/m000037-budweiser-premium-tin-3378,Madhuloka (Bangalore/Karnataka liquor retailer) — Beer category,Medium,Seen only on category listing page; detail page not fetched.
GRIZLY PINEAPPLE AND OKINAWA,Grizly,,,,,,Unknown,210.0,210.0,"[{""value"": ""₹210.00"", ""source"": ""Madhuloka (Bangalore/Karnataka liquor retailer) — Beer category"", ""source_url"": ""https://www.madhuloka.com/shop/category/beer-3"", ""confidence"": ""Medium""}]",,,,https://www.madhuloka.com/shop/m000087-grizly-pineapple-and-okinawa-3643,Madhuloka (Bangalore/Karnataka liquor retailer) — Beer category,Medium,"Seen only on category listing page; generic placeholder image (omitted); detail page not fetched. Likely a flavored malt beverage, not a traditional beer style."
KF PREMIUM PINT,Kingfisher,,,,,,Pint (small bottle),60.0,60.0,"[{""value"": ""₹60.00"", ""source"": ""Madhuloka (Bangalore/Karnataka liquor retailer) — Beer category"", ""source_url"": ""https://www.madhuloka.com/shop/category/beer-3"", ""confidence"": ""Medium""}]",,,https://www.madhuloka.com/web/image/product.template/3843/image_512/%5BM000009%5D%20KF%20PREMIUM%20PINT?unique=e98b35d,https://www.madhuloka.com/shop/m000009-kf-premium-pint-3843,Madhuloka (Bangalore/Karnataka liquor retailer) — Beer category,Medium,Seen only on category listing page; detail page not fetched.
KF PREMIUM TIN,Kingfisher,,,,,,Tin/Can,60.0,80.0,"[{""value"": ""₹80.00"", ""source"": ""Madhuloka (Bangalore/Karnataka liquor retailer) — Beer category"", ""source_url"": ""https://www.madhuloka.com/shop/category/beer-3"", ""confidence"": ""Medium""}, {""value"": ""₹60.00"", ""source"": ""Madhuloka (Bangalore/Karnataka liquor retailer) — Beer category"", ""source_url"": ""https://www.madhuloka.com/shop/category/beer-3"", ""confidence"": ""Medium""}]",,,https://www.madhuloka.com/web/image/product.template/3844/image_512/%5BM000010%5D%20KF%20PREMIUM%20TIN?unique=253f424,https://www.madhuloka.com/shop/m000010-kf-premium-tin-3844,Madhuloka (Bangalore/Karnataka liquor retailer) — Beer category,Medium,Seen only on category listing page; detail page not fetched.
CARLSBERG STRONG BOTTLE,Carlsberg,Carlsberg India,,,,650 ml,Bottle,240.0,240.0,"[{""value"": ""₹240.00"", ""source"": ""Madhuloka (Bangalore/Karnataka liquor retailer) — Beer category"", ""source_url"": ""https://www.madhuloka.com/shop/category/beer-3"", ""confidence"": ""High""}]",,,https://mtlb.odoo.com/web/image/product.template/3402/image_1920?unique=0c09795,https://www.madhuloka.com/shop/m000063-carlsberg-strong-bottle-3402,Madhuloka (Bangalore/Karnataka liquor retailer) — Beer category,High,Fetched product detail page directly; Brand/Size confirmed.
TUBORG GREEN BOTTLE,Tuborg,Carlsberg India,,,,650 ml,Bottle,145.0,145.0,"[{""value"": ""₹145.00"", ""source"": ""Madhuloka (Bangalore/Karnataka liquor retailer) — Beer category"", ""source_url"": ""https://www.madhuloka.com/shop/category/beer-3"", ""confidence"": ""High""}]",,,https://mtlb.odoo.com/web/image/product.template/4579/image_1920?unique=90151ce,https://www.madhuloka.com/shop/m000068-tuborg-green-bottle-4579,Madhuloka (Bangalore/Karnataka liquor retailer) — Beer category,High,"Fetched product detail page directly; Brand/Size confirmed (Tuborg is owned by Carlsberg, consistent with site's Brand field)."
UB PREMIUM BOTTLE,UB Export / United Breweries,United Breweries,,,,650 ml,Bottle,135.0,135.0,"[{""value"": ""₹135.00"", ""source"": ""Madhuloka (Bangalore/Karnataka liquor retailer) — Beer category"", ""source_url"": ""https://www.madhuloka.com/shop/category/beer-3"", ""confidence"": ""High""}]",,,https://mtlb.odoo.com/web/image/product.template/4594/image_1920?unique=458fdde,https://www.madhuloka.com/shop/m000031-ub-premium-bottle-4594,Madhuloka (Bangalore/Karnataka liquor retailer) — Beer category,High,Fetched product detail page directly; Brand/Size confirmed.
UB STRONG BOTTLE,UB Export / United Breweries,,,,,,Bottle,135.0,135.0,"[{""value"": ""₹135.00"", ""source"": ""Madhuloka (Bangalore/Karnataka liquor retailer) — Beer category"", ""source_url"": ""https://www.madhuloka.com/shop/category/beer-3"", ""confidence"": ""Medium""}]",,,https://www.madhuloka.com/web/image/product.template/4597/image_512/%5BM000033%5D%20UB%20STRONG%20BOTTLE?unique=d64a147,https://www.madhuloka.com/shop/m000033-ub-strong-bottle-4597,Madhuloka (Bangalore/Karnataka liquor retailer) — Beer category,Medium,Seen only on category listing page; detail page not fetched.
KF STRONG TIN,Kingfisher,,,,,,Tin/Can,80.0,140.0,"[{""value"": ""₹140.00"", ""source"": ""Madhuloka (Bangalore/Karnataka liquor retailer) — Beer category"", ""source_url"": ""https://www.madhuloka.com/shop/category/beer-3"", ""confidence"": ""Medium""}, {""value"": ""₹80.00"", ""source"": ""Madhuloka (Bangalore/Karnataka liquor retailer) — Beer category"", ""source_url"": ""https://www.madhuloka.com/shop/category/beer-3"", ""confidence"": ""Medium""}]",,,https://www.madhuloka.com/web/image/product.template/3851/image_512/%5BM000014%5D%20KF%20STRONG%20TIN?unique=97050f7,https://www.madhuloka.com/shop/m000014-kf-strong-tin-3851,Madhuloka (Bangalore/Karnataka liquor retailer) — Beer category,Medium,"Seen only on category listing page; detail page not fetched. A second, differently-priced 'KF STRONG TIN' (product id 3850, ₹80.00) also exists — listed separately below."
TUBORG STRONG BOTTLE,Tuborg,,,,,,Bottle,170.0,170.0,"[{""value"": ""₹170.00"", ""source"": ""Madhuloka (Bangalore/Karnataka liquor retailer) — Beer category"", ""source_url"": ""https://www.madhuloka.com/shop/category/beer-3"", ""confidence"": ""Medium""}]",,,https://www.madhuloka.com/web/image/product.template/4582/image_512/%5BM000071%5D%20TUBORG%20STRONG%20BOTTLE?unique=4375ec0,https://www.madhuloka.com/shop/m000071-tuborg-strong-bottle-4582,Madhuloka (Bangalore/Karnataka liquor retailer) — Beer category,Medium,Seen only on category listing page; detail page not fetched.
KF ULTRA MAX TIN,Kingfisher,,,,,,Tin/Can,190.0,190.0,"[{""value"": ""₹190.00"", ""source"": ""Madhuloka (Bangalore/Karnataka liquor retailer) — Beer category"", ""source_url"": ""https://www.madhuloka.com/shop/category/beer-3"", ""confidence"": ""Medium""}]",,,https://www.madhuloka.com/web/image/product.template/3855/image_512/%5BM000024%5D%20KF%20ULTRA%20MAX%20TIN?unique=ede14eb,https://www.madhuloka.com/shop/m000024-kf-ultra-max-tin-3855,Madhuloka (Bangalore/Karnataka liquor retailer) — Beer category,Medium,Seen only on category listing page; detail page not fetched.
SIMBA JUNGLE WHEAT,Simba,,Wheat beer (from product name),,,,Unknown,160.0,160.0,"[{""value"": ""₹160.00"", ""source"": ""Madhuloka (Bangalore/Karnataka liquor retailer) — Beer category"", ""source_url"": ""https://www.madhuloka.com/shop/category/beer-3"", ""confidence"": ""Medium""}]",,,https://www.madhuloka.com/web/image/product.template/4375/image_512/%5BM000634%5D%20SIMBA%20JUNGLE%20WHEAT?unique=bcd599d,https://www.madhuloka.com/shop/m000634-simba-jungle-wheat-4375,Madhuloka (Bangalore/Karnataka liquor retailer) — Beer category,Medium,Seen only on category listing page; detail page not fetched.
KF ULTRA PINT,Kingfisher,,,,,,Pint (small bottle),80.0,80.0,"[{""value"": ""₹80.00"", ""source"": ""Madhuloka (Bangalore/Karnataka liquor retailer) — Beer category"", ""source_url"": ""https://www.madhuloka.com/shop/category/beer-3"", ""confidence"": ""Medium""}]",,,https://www.madhuloka.com/web/image/product.template/3856/image_512/%5BM000017%5D%20KF%20ULTRA%20PINT?unique=89e67c9,https://www.madhuloka.com/shop/m000017-kf-ultra-pint-3856,Madhuloka (Bangalore/Karnataka liquor retailer) — Beer category,Medium,Seen only on category listing page; detail page not fetched.
CARLSBERG SMOOTH BOTTLE,Carlsberg,,,,,,Bottle,205.0,205.0,"[{""value"": ""₹205.00"", ""source"": ""Madhuloka (Bangalore/Karnataka liquor retailer) — Beer category"", ""source_url"": ""https://www.madhuloka.com/shop/category/beer-3"", ""confidence"": ""Medium""}]",,,https://www.madhuloka.com/web/image/product.template/3399/image_512/%5BM000065%5D%20CARLSBERG%20SMOOTH%20BOTTLE?unique=aa2d9ef,https://www.madhuloka.com/shop/m000065-carlsberg-smooth-bottle-3399,Madhuloka (Bangalore/Karnataka liquor retailer) — Beer category,Medium,Seen only on category listing page; detail page not fetched.
HOEGAARDEN TIN,Hoegaarden,,,,,,Tin/Can,170.0,170.0,"[{""value"": ""₹170.00"", ""source"": ""Madhuloka (Bangalore/Karnataka liquor retailer) — Beer category"", ""source_url"": ""https://www.madhuloka.com/shop/category/beer-3"", ""confidence"": ""Medium""}]",,,https://www.madhuloka.com/web/image/product.template/3730/image_512/%5BM001517%5D%20HOEGAARDEN%20TIN?unique=a6894a3,https://www.madhuloka.com/shop/m001517-hoegaarden-tin-3730,Madhuloka (Bangalore/Karnataka liquor retailer) — Beer category,Medium,Seen only on category listing page; detail page not fetched.
CARLSBERG STRONG TIN,Carlsberg,,,,,,Tin/Can,185.0,185.0,"[{""value"": ""₹185.00"", ""source"": ""Madhuloka (Bangalore/Karnataka liquor retailer) — Beer category"", ""source_url"": ""https://www.madhuloka.com/shop/category/beer-3"", ""confidence"": ""Medium""}]",,,,https://www.madhuloka.com/shop/m000064-carlsberg-strong-tin-3403,Madhuloka (Bangalore/Karnataka liquor retailer) — Beer category,Medium,Seen only on category listing page; generic placeholder image (omitted); detail page not fetched.
GUINNESS TIN,Guinness,Diageo,Stout (well-known style; not confirmed on this site's page),,,440 ml,Tin/Can,535.0,535.0,"[{""value"": ""₹535.00"", ""source"": ""Madhuloka (Bangalore/Karnataka liquor retailer) — Beer category"", ""source_url"": ""https://www.madhuloka.com/shop/category/beer-3"", ""confidence"": ""High""}]",,,https://mtlb.odoo.com/web/image/product.template/3678/image_1920?unique=f0db704,https://www.madhuloka.com/shop/m000577-guinness-tin-3678,Madhuloka (Bangalore/Karnataka liquor retailer) — Beer category,High,"Fetched product detail page directly; Brand/Size confirmed on-page. Style label is general knowledge inference, not shown on the site."
HEINEKEN BEER PINT,Heineken,,,,,,Pint (small bottle),120.0,120.0,"[{""value"": ""₹120.00"", ""source"": ""Madhuloka (Bangalore/Karnataka liquor retailer) — Beer category"", ""source_url"": ""https://www.madhuloka.com/shop/category/beer-3"", ""confidence"": ""Medium""}]",,,https://www.madhuloka.com/web/image/product.template/3697/image_512/%5BM000027%5D%20HEINEKEN%20BEER%20PINT?unique=e92484d,https://www.madhuloka.com/shop/m000027-heineken-beer-pint-3697,Madhuloka (Bangalore/Karnataka liquor retailer) — Beer category,Medium,Seen only on category listing page; detail page not fetched.
HEINEKEN TIN,Heineken,,,,,,Tin/Can,215.0,215.0,"[{""value"": ""₹215.00"", ""source"": ""Madhuloka (Bangalore/Karnataka liquor retailer) — Beer category"", ""source_url"": ""https://www.madhuloka.com/shop/category/beer-3"", ""confidence"": ""Medium""}]",,,,https://www.madhuloka.com/shop/m000028-heineken-tin-3701,Madhuloka (Bangalore/Karnataka liquor retailer) — Beer category,Medium,Seen only on category listing page; generic placeholder image (omitted); detail page not fetched.
HOEGAARDEN NECTARINE PINT,Hoegaarden,,,,,,Pint (small bottle),105.0,105.0,"[{""value"": ""₹105.00"", ""source"": ""Madhuloka (Bangalore/Karnataka liquor retailer) — Beer category"", ""source_url"": ""https://www.madhuloka.com/shop/category/beer-3"", ""confidence"": ""Medium""}]",,,https://www.madhuloka.com/web/image/product.template/3722/image_512/%5BM000057%5D%20HOEGAARDEN%20NECTARINE%20PINT?unique=219ae28,https://www.madhuloka.com/shop/m000057-hoegaarden-nectarine-pint-3722,Madhuloka (Bangalore/Karnataka liquor retailer) — Beer category,Medium,Seen only on category listing page; detail page not fetched.
HOEGAARDEN NECTARINE TIN,Hoegaarden,,,,,,Tin/Can,140.0,140.0,"[{""value"": ""₹140.00"", ""source"": ""Madhuloka (Bangalore/Karnataka liquor retailer) — Beer category"", ""source_url"": ""https://www.madhuloka.com/shop/category/beer-3"", ""confidence"": ""Medium""}]",,,https://www.madhuloka.com/web/image/product.template/3723/image_512/%5BM000062%5D%20HOEGAARDEN%20NECTARINE%20TIN?unique=95560cb,https://www.madhuloka.com/shop/m000062-hoegaarden-nectarine-tin-3723,Madhuloka (Bangalore/Karnataka liquor retailer) — Beer category,Medium,Seen only on category listing page; detail page not fetched.
HOEGAARDEN ROSEE PINT,Hoegaarden,,,,,,Pint (small bottle),105.0,105.0,"[{""value"": ""₹105.00"", ""source"": ""Madhuloka (Bangalore/Karnataka liquor retailer) — Beer category"", ""source_url"": ""https://www.madhuloka.com/shop/category/beer-3"", ""confidence"": ""Medium""}]",,,https://www.madhuloka.com/web/image/product.template/3727/image_512/%5BM000060%5D%20HOEGAARDEN%20ROSEE%20PINT?unique=e1c8ce0,https://www.madhuloka.com/shop/m000060-hoegaarden-rosee-pint-3727,Madhuloka (Bangalore/Karnataka liquor retailer) — Beer category,Medium,Seen only on category listing page; detail page not fetched.
HEINEKEN BEER,Heineken,United Breweries,,,,650 ml,Unknown (no bottle/tin/pint suffix in name),200.0,200.0,"[{""value"": ""₹200.00"", ""source"": ""Madhuloka (Bangalore/Karnataka liquor retailer) — Beer category"", ""source_url"": ""https://www.madhuloka.com/shop/category/beer-3"", ""confidence"": ""High""}]",,,https://mtlb.odoo.com/web/image/product.template/3696/image_1920?unique=9d89f52,https://www.madhuloka.com/shop/m000026-heineken-beer-3696,Madhuloka (Bangalore/Karnataka liquor retailer) — Beer category,High,Fetched product detail page directly; Brand/Size confirmed.
KF ULTRA WITBIER PINT,Kingfisher,,Witbier (from product name),,,,Pint (small bottle),120.0,120.0,"[{""value"": ""₹120.00"", ""source"": ""Madhuloka (Bangalore/Karnataka liquor retailer) — Beer category"", ""source_url"": ""https://www.madhuloka.com/shop/category/beer-3"", ""confidence"": ""Medium""}]",,,https://www.madhuloka.com/web/image/product.template/3859/image_512/%5BM001477%5D%20KF%20ULTRA%20WITBIER%20PINT?unique=4dd1022,https://www.madhuloka.com/shop/m001477-kf-ultra-witbier-pint-3859,Madhuloka (Bangalore/Karnataka liquor retailer) — Beer category,Medium,Seen only on category listing page; detail page not fetched.
KF STRONG PINT,Kingfisher,,,,,,Pint (small bottle),100.0,100.0,"[{""value"": ""₹100.00"", ""source"": ""Madhuloka (Bangalore/Karnataka liquor retailer) — Beer category"", ""source_url"": ""https://www.madhuloka.com/shop/category/beer-3"", ""confidence"": ""Medium""}]",,,,https://www.madhuloka.com/shop/m000013-kf-strong-pint-3849,Madhuloka (Bangalore/Karnataka liquor retailer) — Beer category,Medium,Seen only on category listing page; generic placeholder image (omitted); detail page not fetched.
KF ULTRA MAX PINT,Kingfisher,,,,,,Pint (small bottle),140.0,140.0,"[{""value"": ""₹140.00"", ""source"": ""Madhuloka (Bangalore/Karnataka liquor retailer) — Beer category"", ""source_url"": ""https://www.madhuloka.com/shop/category/beer-3"", ""confidence"": ""Medium""}]",,,https://www.madhuloka.com/web/image/product.template/3854/image_512/%5BM000022%5D%20KF%20ULTRA%20MAX%20PINT?unique=8fca932,https://www.madhuloka.com/shop/m000022-kf-ultra-max-pint-3854,Madhuloka (Bangalore/Karnataka liquor retailer) — Beer category,Medium,Seen only on category listing page; detail page not fetched.
KF ULTRA TIN,Kingfisher,,,,,,Tin/Can,115.0,115.0,"[{""value"": ""₹115.00"", ""source"": ""Madhuloka (Bangalore/Karnataka liquor retailer) — Beer category"", ""source_url"": ""https://www.madhuloka.com/shop/category/beer-3"", ""confidence"": ""Medium""}]",,,https://www.madhuloka.com/web/image/product.template/3857/image_512/%5BM000018%5D%20KF%20ULTRA%20TIN?unique=648e12a,https://www.madhuloka.com/shop/m000018-kf-ultra-tin-3857,Madhuloka (Bangalore/Karnataka liquor retailer) — Beer category,Medium,Seen only on category listing page; detail page not fetched.
KF ULTRA WITBIER,Kingfisher,,Witbier (from product name),,,,Unknown,200.0,200.0,"[{""value"": ""₹200.00"", ""source"": ""Madhuloka (Bangalore/Karnataka liquor retailer) — Beer category"", ""source_url"": ""https://www.madhuloka.com/shop/category/beer-3"", ""confidence"": ""Medium""}]",,,https://www.madhuloka.com/web/image/product.template/3858/image_512/%5BM001475%5D%20KF%20ULTRA%20WITBIER?unique=fee88cd,https://www.madhuloka.com/shop/m001475-kf-ultra-witbier-3858,Madhuloka (Bangalore/Karnataka liquor retailer) — Beer category,Medium,Seen only on category listing page; detail page not fetched.
KNOCK OUT PINT,Knock Out,,,,,,Pint (small bottle),100.0,100.0,"[{""value"": ""₹100.00"", ""source"": ""Madhuloka (Bangalore/Karnataka liquor retailer) — Beer category"", ""source_url"": ""https://www.madhuloka.com/shop/category/beer-3"", ""confidence"": ""Medium""}]",,,,https://www.madhuloka.com/shop/m000046-knock-out-pint-3875,Madhuloka (Bangalore/Karnataka liquor retailer) — Beer category,Medium,Seen only on category listing page; generic placeholder image (omitted); detail page not fetched.
BIRA 91 RISE RICE,Bira 91,"Bira 91 (site's own Brand field value, likely B9 Beverages entity)",,,,500 ml,Unknown,185.0,185.0,"[{""value"": ""₹185.00"", ""source"": ""Madhuloka (Bangalore/Karnataka liquor retailer) — Beer category"", ""source_url"": ""https://www.madhuloka.com/shop/category/beer-3"", ""confidence"": ""High""}]",,,https://mtlb.odoo.com/web/image/product.template/3304/image_1920?unique=0c4d6f0,https://www.madhuloka.com/shop/m001421-bira-91-rise-rice-3304,Madhuloka (Bangalore/Karnataka liquor retailer) — Beer category,High,Fetched product detail page directly; Brand/Size/Country (India) confirmed.
BOOM STRONG BOTTLE,Boom,B9 Beverages,,,,650 ml,Bottle,195.0,195.0,"[{""value"": ""₹195.00"", ""source"": ""Madhuloka (Bangalore/Karnataka liquor retailer) — Beer category"", ""source_url"": ""https://www.madhuloka.com/shop/category/beer-3"", ""confidence"": ""High""}]",,,https://mtlb.odoo.com/web/image/product.template/3357/image_1920?unique=49ae3e4,https://www.madhuloka.com/shop/m001350-boom-strong-bottle-3357,Madhuloka (Bangalore/Karnataka liquor retailer) — Beer category,High,Fetched product detail page directly; Brand/Size/Country (India) confirmed.
BOOM STRONG TIN,Boom,,,,,,Tin/Can,160.0,160.0,"[{""value"": ""₹160.00"", ""source"": ""Madhuloka (Bangalore/Karnataka liquor retailer) — Beer category"", ""source_url"": ""https://www.madhuloka.com/shop/category/beer-3"", ""confidence"": ""Medium""}]",,,https://www.madhuloka.com/web/image/product.template/3358/image_512/%5BM001351%5D%20BOOM%20STRONG%20TIN?unique=e744502,https://www.madhuloka.com/shop/m001351-boom-strong-tin-3358,Madhuloka (Bangalore/Karnataka liquor retailer) — Beer category,Medium,Seen only on category listing page; detail page not fetched.
BUDWEISER MAGNUM PINT,Budweiser,,,,,,Pint (small bottle),145.0,145.0,"[{""value"": ""₹145.00"", ""source"": ""Madhuloka (Bangalore/Karnataka liquor retailer) — Beer category"", ""source_url"": ""https://www.madhuloka.com/shop/category/beer-3"", ""confidence"": ""Medium""}]",,,https://www.madhuloka.com/web/image/product.template/3374/image_512/%5BM000040%5D%20BUDWEISER%20MAGNUM%20PINT?unique=c2536c7,https://www.madhuloka.com/shop/m000040-budweiser-magnum-pint-3374,Madhuloka (Bangalore/Karnataka liquor retailer) — Beer category,Medium,Seen only on category listing page; detail page not fetched.
GEIST KAMACITRA,Geist,,,,,,Unknown,290.0,290.0,"[{""value"": ""₹290.00"", ""source"": ""Madhuloka (Bangalore/Karnataka liquor retailer) — Beer category"", ""source_url"": ""https://www.madhuloka.com/shop/category/beer-3"", ""confidence"": ""Medium""}]",,,https://www.madhuloka.com/web/image/product.template/3598/image_512/%5BM000810%5D%20GEIST%20KAMACITRA?unique=0c4d6f0,https://www.madhuloka.com/shop/m000810-geist-kamacitra-3598,Madhuloka (Bangalore/Karnataka liquor retailer) — Beer category,Medium,Seen only on category listing page; detail page not fetched.
GEIST UNCLE DUNKEL,Geist,,Dunkel (from product name),,,,Unknown,260.0,260.0,"[{""value"": ""₹260.00"", ""source"": ""Madhuloka (Bangalore/Karnataka liquor retailer) — Beer category"", ""source_url"": ""https://www.madhuloka.com/shop/category/beer-3"", ""confidence"": ""Medium""}]",,,https://www.madhuloka.com/web/image/product.template/3599/image_512/%5BM000747%5D%20GEIST%20UNCLE%20DUNKEL?unique=62f2572,https://www.madhuloka.com/shop/m000747-geist-uncle-dunkel-3599,Madhuloka (Bangalore/Karnataka liquor retailer) — Beer category,Medium,Seen only on category listing page; detail page not fetched.
GEIST WITTY WIT,Geist,,Wit/Witbier (from product name),,,,Unknown,260.0,260.0,"[{""value"": ""₹260.00"", ""source"": ""Madhuloka (Bangalore/Karnataka liquor retailer) — Beer category"", ""source_url"": ""https://www.madhuloka.com/shop/category/beer-3"", ""confidence"": ""Medium""}]",,,https://www.madhuloka.com/web/image/product.template/3600/image_512/%5BM000867%5D%20GEIST%20WITTY%20WIT?unique=b93c756,https://www.madhuloka.com/shop/m000867-geist-witty-wit-3600,Madhuloka (Bangalore/Karnataka liquor retailer) — Beer category,Medium,Seen only on category listing page; detail page not fetched.
BIRA 91 RISE RICE,Bira 91,,,,,,Unknown,235.0,235.0,"[{""value"": ""₹235.00"", ""source"": ""Madhuloka (Bangalore/Karnataka liquor retailer) — Beer category"", ""source_url"": ""https://www.madhuloka.com/shop/category/beer-3"", ""confidence"": ""Medium""}]",,,,https://www.madhuloka.com/shop/m001415-bira-91-rise-rice-3303,Madhuloka (Bangalore/Karnataka liquor retailer) — Beer category,Medium,"Distinct product id (3303) from the other 'Bira 91 Rise Rice' listing (id 3304, ₹185, confirmed 500ml) — likely a different pack size; no image shown on listing; detail page not fetched for this id."
BIRA 91 LIGHT TIN,Bira 91,,,,,,Tin/Can,200.0,200.0,"[{""value"": ""₹200.00"", ""source"": ""Madhuloka (Bangalore/Karnataka liquor retailer) — Beer category"", ""source_url"": ""https://www.madhuloka.com/shop/category/beer-3"", ""confidence"": ""Medium""}]",,,,https://www.madhuloka.com/shop/m000079-bira-91-light-tin-3302,Madhuloka (Bangalore/Karnataka liquor retailer) — Beer category,Medium,Seen only on category listing page; generic placeholder image (omitted); detail page not fetched.
KF ULTRA BOTTLE,Kingfisher,,,,,,Bottle,150.0,150.0,"[{""value"": ""₹150.00"", ""source"": ""Madhuloka (Bangalore/Karnataka liquor retailer) — Beer category"", ""source_url"": ""https://www.madhuloka.com/shop/category/beer-3"", ""confidence"": ""Medium""}]",,,https://www.madhuloka.com/web/image/product.template/3852/image_512/%5BM000016%5D%20KF%20ULTRA%20BOTTLE?unique=546c4f5,https://www.madhuloka.com/shop/m000016-kf-ultra-bottle-3852,Madhuloka (Bangalore/Karnataka liquor retailer) — Beer category,Medium,Seen only on category listing page; detail page not fetched.
PERONI NASTRO AZZURRO PINT,Peroni Nastro Azzurro,,,,,,Pint (small bottle),425.0,425.0,"[{""value"": ""₹425.00"", ""source"": ""Madhuloka (Bangalore/Karnataka liquor retailer) — Beer category"", ""source_url"": ""https://www.madhuloka.com/shop/category/beer-3"", ""confidence"": ""Medium""}]",,,,https://www.madhuloka.com/shop/m001484-peroni-nastro-azzurro-pint-4200,Madhuloka (Bangalore/Karnataka liquor retailer) — Beer category,Medium,Seen only on category listing page; generic placeholder image (omitted); detail page not fetched.
BIRA 91 WHITE TIN,Bira 91,,,,,,Tin/Can,210.0,210.0,"[{""value"": ""₹210.00"", ""source"": ""Madhuloka (Bangalore/Karnataka liquor retailer) — Beer category"", ""source_url"": ""https://www.madhuloka.com/shop/category/beer-3"", ""confidence"": ""Medium""}]",,,https://www.madhuloka.com/web/image/product.template/3306/image_512/%5BM000082%5D%20BIRA%2091%20WHITE%20TIN?unique=f3bd956,https://www.madhuloka.com/shop/m000082-bira-91-white-tin-3306,Madhuloka (Bangalore/Karnataka liquor retailer) — Beer category,Medium,Seen only on category listing page; detail page not fetched.
STRAY APPLE,,TOIT,,,,330 ml,Unknown (likely a fruit cider/beer given 'Apple' name),205.0,205.0,"[{""value"": ""₹205.00"", ""source"": ""Madhuloka (Bangalore/Karnataka liquor retailer) — Beer category"", ""source_url"": ""https://www.madhuloka.com/shop/category/beer-3"", ""confidence"": ""High""}]",,,https://mtlb.odoo.com/web/image/product.template/4431/image_1920?unique=0c4d6f0,https://www.madhuloka.com/shop/m001060-stray-apple-4431,Madhuloka (Bangalore/Karnataka liquor retailer) — Beer category,High,Fetched product detail page directly; Brand field on-page literally says 'TOIT' (brewery) with no separate consumer brand name given; Size confirmed. Brand left unset because the only brand-like value shown is the brewery itself.
BUDWIESER TIN,Budweiser (site's product name is misspelled 'BUDWIESER'),,,,,,Tin/Can,145.0,145.0,"[{""value"": ""₹145.00"", ""source"": ""Madhuloka (Bangalore/Karnataka liquor retailer) — Beer category"", ""source_url"": ""https://www.madhuloka.com/shop/category/beer-3"", ""confidence"": ""Medium""}]",,,,https://www.madhuloka.com/shop/m000038-budwieser-tin-4358,Madhuloka (Bangalore/Karnataka liquor retailer) — Beer category,Medium,Seen only on category listing page; generic placeholder image (omitted); detail page not fetched. Name spelling as literally shown on site.
SIMBA ROAR PREMIUM,Simba,,,,,,Unknown,115.0,115.0,"[{""value"": ""₹115.00"", ""source"": ""Madhuloka (Bangalore/Karnataka liquor retailer) — Beer category"", ""source_url"": ""https://www.madhuloka.com/shop/category/beer-3"", ""confidence"": ""Medium""}]",,,https://www.madhuloka.com/web/image/product.template/4378/image_512/%5BM000981%5D%20SIMBA%20ROAR%20PREMIUM?unique=e6727c9,https://www.madhuloka.com/shop/m000981-simba-roar-premium-4378,Madhuloka (Bangalore/Karnataka liquor retailer) — Beer category,Medium,Seen only on category listing page; detail page not fetched.
STELLA ARTOIS PINT,Stella Artois,Ab Inbev,,,,330 ml,Pint (small bottle),280.0,280.0,"[{""value"": ""₹280.00"", ""source"": ""Madhuloka (Bangalore/Karnataka liquor retailer) — Beer category"", ""source_url"": ""https://www.madhuloka.com/shop/category/beer-3"", ""confidence"": ""High""}]",,,https://mtlb.odoo.com/web/image/product.template/4420/image_1920?unique=0c4d6f0,https://www.madhuloka.com/shop/m000004-stella-artois-pint-4420,Madhuloka (Bangalore/Karnataka liquor retailer) — Beer category,High,Fetched product detail page directly; Brand/Size confirmed.
SIMBA LIGHT PINT,Simba,,,,,,Pint (small bottle),110.0,110.0,"[{""value"": ""₹110.00"", ""source"": ""Madhuloka (Bangalore/Karnataka liquor retailer) — Beer category"", ""source_url"": ""https://www.madhuloka.com/shop/category/beer-3"", ""confidence"": ""Medium""}]",,,https://www.madhuloka.com/web/image/product.template/4376/image_512/%5BM001452%5D%20SIMBA%20LIGHT%20PINT?unique=a9e70d7,https://www.madhuloka.com/shop/m001452-simba-light-pint-4376,Madhuloka (Bangalore/Karnataka liquor retailer) — Beer category,Medium,Seen only on category listing page; detail page not fetched.
HOEGAARDEN PINT,Hoegaarden,,,,,,Pint (small bottle),125.0,125.0,"[{""value"": ""₹125.00"", ""source"": ""Madhuloka (Bangalore/Karnataka liquor retailer) — Beer category"", ""source_url"": ""https://www.madhuloka.com/shop/category/beer-3"", ""confidence"": ""Medium""}]",,,https://www.madhuloka.com/web/image/product.template/3725/image_512/%5BM000003%5D%20HOEGAARDEN%20PINT?unique=29abdae,https://www.madhuloka.com/shop/m000003-hoegaarden-pint-3725,Madhuloka (Bangalore/Karnataka liquor retailer) — Beer category,Medium,Seen only on category listing page; detail page not fetched.
CARLSBERG SMOOTH PINT,Carlsberg,,,,,,Pint (small bottle),120.0,120.0,"[{""value"": ""₹120.00"", ""source"": ""Madhuloka (Bangalore/Karnataka liquor retailer) — Beer category"", ""source_url"": ""https://www.madhuloka.com/shop/category/beer-3"", ""confidence"": ""Medium""}]",,,https://www.madhuloka.com/web/image/product.template/3400/image_512/%5BM000066%5D%20CARLSBERG%20SMOOTH%20PINT?unique=402f80c,https://www.madhuloka.com/shop/m000066-carlsberg-smooth-pint-3400,Madhuloka (Bangalore/Karnataka liquor retailer) — Beer category,Medium,Seen only on category listing page; detail page not fetched.
STANGEN WEISS BIER TIN,Stangen,,Weissbier (from product name),,,,Tin/Can,350.0,350.0,"[{""value"": ""₹350.00"", ""source"": ""Madhuloka (Bangalore/Karnataka liquor retailer) — Beer category"", ""source_url"": ""https://www.madhuloka.com/shop/category/beer-3"", ""confidence"": ""Medium""}]",,,,https://www.madhuloka.com/shop/m000552-stangen-weiss-bier-tin-4418,Madhuloka (Bangalore/Karnataka liquor retailer) — Beer category,Medium,Seen only on category listing page; generic placeholder image (omitted); detail page not fetched.
BIRA 91 BLONDE BOTTLE,Bira 91,B9 Beverages,Blonde (from product name),,,650 ml,Bottle,225.0,225.0,"[{""value"": ""₹225.00"", ""source"": ""Madhuloka (Bangalore/Karnataka liquor retailer) — Beer category"", ""source_url"": ""https://www.madhuloka.com/shop/category/beer-3"", ""confidence"": ""High""}]",,,https://mtlb.odoo.com/web/image/product.template/3295/image_1920?unique=c2a1a41,https://www.madhuloka.com/shop/m000074-bira-91-blonde-bottle-3295,Madhuloka (Bangalore/Karnataka liquor retailer) — Beer category,High,Fetched product detail page directly; Brand/Size confirmed.
BIRA 91 BLONDE TIN,Bira 91,,Blonde (from product name),,,,Tin/Can,180.0,180.0,"[{""value"": ""₹180.00"", ""source"": ""Madhuloka (Bangalore/Karnataka liquor retailer) — Beer category"", ""source_url"": ""https://www.madhuloka.com/shop/category/beer-3"", ""confidence"": ""Medium""}]",,,,https://www.madhuloka.com/shop/m000076-bira-91-blonde-tin-3297,Madhuloka (Bangalore/Karnataka liquor retailer) — Beer category,Medium,Seen only on category listing page; generic placeholder image (omitted); detail page not fetched.
BIRA 91 GOLD WHEAT STRONG BOTTLE,Bira 91,,Wheat (from product name),,,,Bottle,235.0,235.0,"[{""value"": ""₹235.00"", ""source"": ""Madhuloka (Bangalore/Karnataka liquor retailer) — Beer category"", ""source_url"": ""https://www.madhuloka.com/shop/category/beer-3"", ""confidence"": ""Medium""}]",,,https://www.madhuloka.com/web/image/product.template/3298/image_512/%5BM000077%5D%20BIRA%2091%20GOLD%20WHEAT%20STRONG%20BOTTLE?unique=0c4d6f0,https://www.madhuloka.com/shop/m000077-bira-91-gold-wheat-strong-bottle-3298,Madhuloka (Bangalore/Karnataka liquor retailer) — Beer category,Medium,Seen only on category listing page; detail page not fetched.
BIRA 91 GOLD WHEAT STRONG TIN,Bira 91,,Wheat (from product name),,,,Tin/Can,185.0,185.0,"[{""value"": ""₹185.00"", ""source"": ""Madhuloka (Bangalore/Karnataka liquor retailer) — Beer category"", ""source_url"": ""https://www.madhuloka.com/shop/category/beer-3"", ""confidence"": ""Medium""}]",,,,https://www.madhuloka.com/shop/m000078-bira-91-gold-wheat-strong-tin-3299,Madhuloka (Bangalore/Karnataka liquor retailer) — Beer category,Medium,Seen only on category listing page; generic placeholder image (omitted); detail page not fetched.
BIRA 91 IPA PINT,Bira 91,,IPA (from product name),,,,Pint (small bottle),200.0,200.0,"[{""value"": ""₹200.00"", ""source"": ""Madhuloka (Bangalore/Karnataka liquor retailer) — Beer category"", ""source_url"": ""https://www.madhuloka.com/shop/category/beer-3"", ""confidence"": ""Medium""}]",,,,https://www.madhuloka.com/shop/m000081-bira-91-ipa-pint-3300,Madhuloka (Bangalore/Karnataka liquor retailer) — Beer category,Medium,Seen only on category listing page; generic placeholder image (omitted); detail page not fetched.
BIRA 91 LIGHT PINT,Bira 91,,,,,,Pint (small bottle),160.0,160.0,"[{""value"": ""₹160.00"", ""source"": ""Madhuloka (Bangalore/Karnataka liquor retailer) — Beer category"", ""source_url"": ""https://www.madhuloka.com/shop/category/beer-3"", ""confidence"": ""Medium""}]",,,,https://www.madhuloka.com/shop/m000080-bira-91-light-pint-3301,Madhuloka (Bangalore/Karnataka liquor retailer) — Beer category,Medium,Seen only on category listing page; generic placeholder image (omitted); detail page not fetched.
CORONA PINT,Corona,Ab Inbev,,,,330 ml,Pint (small bottle),130.0,130.0,"[{""value"": ""₹130.00"", ""source"": ""Madhuloka (Bangalore/Karnataka liquor retailer) — Beer category"", ""source_url"": ""https://www.madhuloka.com/shop/category/beer-3"", ""confidence"": ""High""}]",,,https://mtlb.odoo.com/web/image/product.template/3470/image_1920?unique=0b21824,https://www.madhuloka.com/shop/m000002-corona-pint-3470,Madhuloka (Bangalore/Karnataka liquor retailer) — Beer category,High,Fetched product detail page directly; Brand/Size/Country (United States) confirmed.
BIRA 91 BLONDE PINT,Bira 91,,Blonde (from product name),,,,Pint (small bottle),155.0,155.0,"[{""value"": ""₹155.00"", ""source"": ""Madhuloka (Bangalore/Karnataka liquor retailer) — Beer category"", ""source_url"": ""https://www.madhuloka.com/shop/category/beer-3"", ""confidence"": ""Medium""}]",,,https://www.madhuloka.com/web/image/product.template/3296/image_512/%5BM000075%5D%20BIRA%2091%20BLONDE%20PINT?unique=edbd0bc,https://www.madhuloka.com/shop/m000075-bira-91-blonde-pint-3296,Madhuloka (Bangalore/Karnataka liquor retailer) — Beer category,Medium,Seen only on category listing page; detail page not fetched.
UB STRONG PINT,UB Export / United Breweries,,,,,,Pint (small bottle),95.0,95.0,"[{""value"": ""₹95.00"", ""source"": ""Madhuloka (Bangalore/Karnataka liquor retailer) — Beer category"", ""source_url"": ""https://www.madhuloka.com/shop/category/beer-3"", ""confidence"": ""Medium""}]",,,,https://www.madhuloka.com/shop/m000034-ub-strong-pint-4598,Madhuloka (Bangalore/Karnataka liquor retailer) — Beer category,Medium,Seen only on category listing page; generic placeholder image (omitted); detail page not fetched.
TUBORG STRONG PINT,Tuborg,,,,,,Pint (small bottle),120.0,120.0,"[{""value"": ""₹120.00"", ""source"": ""Madhuloka (Bangalore/Karnataka liquor retailer) — Beer category"", ""source_url"": ""https://www.madhuloka.com/shop/category/beer-3"", ""confidence"": ""Medium""}]",,,,https://www.madhuloka.com/shop/m000072-tuborg-strong-pint-4583,Madhuloka (Bangalore/Karnataka liquor retailer) — Beer category,Medium,Seen only on category listing page; generic placeholder image (omitted); detail page not fetched.
TUBORG GREEN LTD TIN,Tuborg,,,,,,Tin/Can,115.0,115.0,"[{""value"": ""₹115.00"", ""source"": ""Madhuloka (Bangalore/Karnataka liquor retailer) — Beer category"", ""source_url"": ""https://www.madhuloka.com/shop/category/beer-3"", ""confidence"": ""Medium""}]",,,,https://www.madhuloka.com/shop/m000070-tuborg-green-ltd-tin-4581,Madhuloka (Bangalore/Karnataka liquor retailer) — Beer category,Medium,Seen only on category listing page; generic placeholder image (omitted); detail page not fetched. '(LTD)' in name may denote a limited edition.
TOIT TINT IN WIT,TOIT,TOIT,Witbier (from product name 'TINT IN WIT'),,,330 ml,Unknown,125.0,125.0,"[{""value"": ""₹125.00"", ""source"": ""Madhuloka (Bangalore/Karnataka liquor retailer) — Beer category"", ""source_url"": ""https://www.madhuloka.com/shop/category/beer-3"", ""confidence"": ""High""}]",,,https://mtlb.odoo.com/web/image/product.template/4561/image_1920?unique=722da05,https://www.madhuloka.com/shop/m001370-toit-tint-in-wit-4561,Madhuloka (Bangalore/Karnataka liquor retailer) — Beer category,High,"Fetched product detail page directly; Brand/Size confirmed (site's Brand field = 'TOIT', which is also the well-known Bangalore brewery)."
UB PREMIUM TIN,UB Export / United Breweries,,,,,,Tin/Can,100.0,100.0,"[{""value"": ""₹100.00"", ""source"": ""Madhuloka (Bangalore/Karnataka liquor retailer) — Beer category"", ""source_url"": ""https://www.madhuloka.com/shop/category/beer-3"", ""confidence"": ""Medium""}]",,,https://www.madhuloka.com/web/image/product.template/4596/image_512/%5BM001420%5D%20UB%20PREMIUM%20TIN?unique=723bf04,https://www.madhuloka.com/shop/m001420-ub-premium-tin-4596,Madhuloka (Bangalore/Karnataka liquor retailer) — Beer category,Medium,Seen only on category listing page; detail page not fetched.
UB STRONG TIN,UB Export / United Breweries,,,,,,Tin/Can,100.0,100.0,"[{""value"": ""₹100.00"", ""source"": ""Madhuloka (Bangalore/Karnataka liquor retailer) — Beer category"", ""source_url"": ""https://www.madhuloka.com/shop/category/beer-3"", ""confidence"": ""Medium""}]",,,,https://www.madhuloka.com/shop/m001419-ub-strong-tin-4599,Madhuloka (Bangalore/Karnataka liquor retailer) — Beer category,Medium,Seen only on category listing page; generic placeholder image (omitted); detail page not fetched.
BIRA 91 WHITE PINT,Bira 91,,,,,,Pint (small bottle),165.0,165.0,"[{""value"": ""₹165.00"", ""source"": ""Madhuloka (Bangalore/Karnataka liquor retailer) — Beer category"", ""source_url"": ""https://www.madhuloka.com/shop/category/beer-3"", ""confidence"": ""Medium""}]",,,,https://www.madhuloka.com/shop/m000083-bira-91-white-pint-3305,Madhuloka (Bangalore/Karnataka liquor retailer) — Beer category,Medium,Seen only on category listing page; generic placeholder image (omitted); detail page not fetched.
UB PREMIUM PINT,UB Export / United Breweries,,,,,,Pint (small bottle),75.0,75.0,"[{""value"": ""₹75.00"", ""source"": ""Madhuloka (Bangalore/Karnataka liquor retailer) — Beer category"", ""source_url"": ""https://www.madhuloka.com/shop/category/beer-3"", ""confidence"": ""Medium""}]",,,,https://www.madhuloka.com/shop/m000032-ub-premium-pint-4595,Madhuloka (Bangalore/Karnataka liquor retailer) — Beer category,Medium,Seen only on category listing page; generic placeholder image (omitted); detail page not fetched.
KF STORM BOTTLE,Kingfisher,,,,,,Bottle,205.0,205.0,"[{""value"": ""₹205.00"", ""source"": ""Madhuloka (Bangalore/Karnataka liquor retailer) — Beer category"", ""source_url"": ""https://www.madhuloka.com/shop/category/beer-3"", ""confidence"": ""Medium""}]",,,https://www.madhuloka.com/web/image/product.template/3846/image_512/%5BM000019%5D%20KF%20STORM%20BOTTLE?unique=0c4d6f0,https://www.madhuloka.com/shop/m000019-kf-storm-bottle-3846,Madhuloka (Bangalore/Karnataka liquor retailer) — Beer category,Medium,Seen only on category listing page; detail page not fetched.
KF STORM TIN,Kingfisher,,,,,,Tin/Can,160.0,160.0,"[{""value"": ""₹160.00"", ""source"": ""Madhuloka (Bangalore/Karnataka liquor retailer) — Beer category"", ""source_url"": ""https://www.madhuloka.com/shop/category/beer-3"", ""confidence"": ""Medium""}]",,,https://www.madhuloka.com/web/image/product.template/3847/image_512/%5BM000020%5D%20KF%20STORM%20TIN?unique=c169c91,https://www.madhuloka.com/shop/m000020-kf-storm-tin-3847,Madhuloka (Bangalore/Karnataka liquor retailer) — Beer category,Medium,Seen only on category listing page; detail page not fetched.
KF STRONG BOTTLE,Kingfisher,,,,,,Bottle,180.0,180.0,"[{""value"": ""₹180.00"", ""source"": ""Madhuloka (Bangalore/Karnataka liquor retailer) — Beer category"", ""source_url"": ""https://www.madhuloka.com/shop/category/beer-3"", ""confidence"": ""Medium""}]",,,https://www.madhuloka.com/web/image/product.template/3848/image_512/%5BM000012%5D%20KF%20STRONG%20BOTTLE?unique=7fa7e5f,https://www.madhuloka.com/shop/m000012-kf-strong-bottle-3848,Madhuloka (Bangalore/Karnataka liquor retailer) — Beer category,Medium,Seen only on category listing page; detail page not fetched.
SIMBA JUNGLE STOUT,Simba,Sona Beverages,Stout (from product name),,,500 ml,Unknown,170.0,170.0,"[{""value"": ""₹170.00"", ""source"": ""Madhuloka (Bangalore/Karnataka liquor retailer) — Beer category"", ""source_url"": ""https://www.madhuloka.com/shop/category/beer-3"", ""confidence"": ""High""}]",,,https://mtlb.odoo.com/web/image/product.template/4374/image_1920?unique=d0a8751,https://www.madhuloka.com/shop/m000191-simba-jungle-stout-4374,Madhuloka (Bangalore/Karnataka liquor retailer) — Beer category,High,Fetched product detail page directly; Brand/Size confirmed.
HUNTER STRONG PREMIUM BOTTLE,Hunter,,,,,,Bottle,170.0,170.0,"[{""value"": ""₹170.00"", ""source"": ""Madhuloka (Bangalore/Karnataka liquor retailer) — Beer category"", ""source_url"": ""https://www.madhuloka.com/shop/category/beer-3"", ""confidence"": ""Medium""}]",,,,https://www.madhuloka.com/shop/m000084-hunter-strong-premium-bottle-3736,Madhuloka (Bangalore/Karnataka liquor retailer) — Beer category,Medium,Seen only on category listing page; generic placeholder image (omitted); detail page not fetched.
GEIST JAMES,Geist,Sula Import,,,,500 ml,Unknown,265.0,265.0,"[{""value"": ""₹265.00"", ""source"": ""Madhuloka (Bangalore/Karnataka liquor retailer) — Beer category"", ""source_url"": ""https://www.madhuloka.com/shop/category/beer-3"", ""confidence"": ""High""}]",,,https://mtlb.odoo.com/web/image/product.template/3597/image_1920?unique=62f2572,https://www.madhuloka.com/shop/m000809-geist-james-3597,Madhuloka (Bangalore/Karnataka liquor retailer) — Beer category,High,Fetched product detail page directly; Brand ('Sula Import') and Size confirmed on-page; Country listed as India.
SIMBA WIT PINT,Simba,,Witbier (from product name),,,,Pint (small bottle),110.0,110.0,"[{""value"": ""₹110.00"", ""source"": ""Madhuloka (Bangalore/Karnataka liquor retailer) — Beer category"", ""source_url"": ""https://www.madhuloka.com/shop/category/beer-3"", ""confidence"": ""Medium""}]",,,https://www.madhuloka.com/web/image/product.template/4383/image_512/%5BM000089%5D%20SIMBA%20WIT%20PINT?unique=a4df22c,https://www.madhuloka.com/shop/m000089-simba-wit-pint-4383,Madhuloka (Bangalore/Karnataka liquor retailer) — Beer category,Medium,Seen only on category listing page; detail page not fetched.
KF ULTRA WITBIER TIN,Kingfisher,,Witbier (from product name),,,,Tin/Can,155.0,155.0,"[{""value"": ""₹155.00"", ""source"": ""Madhuloka (Bangalore/Karnataka liquor retailer) — Beer category"", ""source_url"": ""https://www.madhuloka.com/shop/category/beer-3"", ""confidence"": ""Medium""}]",,,https://www.madhuloka.com/web/image/product.template/3860/image_512/%5BM001476%5D%20KF%20ULTRA%20WITBIER%20TIN?unique=a94ec84,https://www.madhuloka.com/shop/m001476-kf-ultra-witbier-tin-3860,Madhuloka (Bangalore/Karnataka liquor retailer) — Beer category,Medium,Seen only on category listing page; detail page not fetched.
Amstel Grande Strong Beer,Amstel,,Strong,,,650ML / 500ML CAN / 330ML,Bottle / Can,,,[],,,https://admin.livingliquidz.com/img/SM/-AMSTEL-GRANDE-STRONG-BEER-3301.jpg,https://web.archive.org/web/20250424025805/https://www.livingliquidz.com/product/amstel-grande-strong-beer/3301,Living Liquidz (livingliquidz.com) - accessed via Wayback Machine archive because live site was down,Medium,"Verified via Wayback Machine snapshot dated 2025-04-24 of livingliquidz.com product page (live site itself was unreachable at fetch time). Listed prices (Mumbai/Pune location, NOT confirmed Karnataka pricing): 650ML ₹250.00, 500ML CAN ₹195.00, 330ML ₹160.00. Country: India. No ABV or calorie data present anywhere on the page."
Bira White Beer,Bira,Bira 91,Wheat / Witbier,,,330ML / 500ML CAN / 650ML,Bottle / Can,,,[],,,https://admin.livingliquidz.com/img/SM/BIRA-WHITE-BEER-742.jpg,https://web.archive.org/web/20240528165917/https://www.livingliquidz.com/product/bira-white-beer/742,Living Liquidz (livingliquidz.com) - accessed via Wayback Machine archive because live site was down,Medium,"Verified via Wayback Machine snapshot dated 2024-05-28 of livingliquidz.com product page. Listed prices (Mumbai/Pune location, NOT confirmed Karnataka pricing): 330ML ₹170.00, 500ML CAN ₹220.00, 650ML ₹250.00. Country: India. No ABV or calorie data present on the page."
London Pilsner Beer,London Pilsner,United Breweries (per page description),Pale Ale / Pilsner (Mild),,,330ML CAN / 500ML / 650ML,Bottle / Can,,,[],,,https://admin.livingliquidz.com/img/SM/LONDON-PILSNER-BEER-728.jpg,https://web.archive.org/web/20231205012123/https://www.livingliquidz.com/product/london-pilsner-beer/728,Living Liquidz (livingliquidz.com) - accessed via Wayback Machine archive because live site was down,Medium,"Verified via Wayback Machine snapshot dated 2023-12-05 of livingliquidz.com product page. Listed prices (Mumbai/Pune location, NOT confirmed Karnataka pricing): 330ML CAN ₹90.00, 500ML ₹100.00, 650ML ₹140.00. Country: India. No ABV or calorie data present on the page."
Kingfisher Premium Beer,Kingfisher,United Breweries Ltd.,Mild lager,,,330ML / 330ML CAN / 500ML CAN / 650ML,Bottle / Can,,,[],,,https://admin.livingliquidz.com/img/SM/KINGFISHER-PREMIUM-BEER-726.jpg,https://web.archive.org/web/20230326180550/https://www.livingliquidz.com/product/kingfisher-premium-beer/726,Living Liquidz (livingliquidz.com) - accessed via Wayback Machine archive because live site was down,Medium,"Verified via Wayback Machine snapshot dated 2023-03-26 of livingliquidz.com product page. Listed prices (Mumbai/Pune location, NOT confirmed Karnataka pricing): 500ML CAN ₹140.00, 330ML CAN ₹120.00, 650ML ₹190.00, 330ML ₹120.00. Country: India. No ABV or calorie data present on the page."
Kingfisher Ultra Beer,Kingfisher,United Breweries Ltd.,Mild lager (Ultra Smooth),,,330ML / 500ML CAN / 650ML,Bottle / Can,,,[],,,https://admin.livingliquidz.com/ImagesUpload/NewProject(31)20222639902.jpg,https://web.archive.org/web/20220523121841/https://www.livingliquidz.com/product/kingfisher-ultra-beer/727,Living Liquidz (livingliquidz.com) - accessed via Wayback Machine archive because live site was down,Medium,"Verified via Wayback Machine snapshot dated 2022-05-23 of livingliquidz.com product page. Listed prices (Mumbai location, NOT confirmed Karnataka pricing): 500ML CAN ₹170.00, 650ML ₹210.00, 330ML ₹130.00. No ABV or calorie data present on the page."
Tuborg Green Beer,Tuborg,"Carlsberg Group (Tuborg brand, per page 'Country: Denmark')",Lager (Mild),,,330ML / 500ML CAN / 650ML,Bottle / Can,,,[],,,https://admin.livingliquidz.com/img/SM/TUBORG-GREEN-BEER-729.jpg,https://web.archive.org/web/20240813120529/https://www.livingliquidz.com/product/tuborg-green-beer/729,Living Liquidz (livingliquidz.com) - accessed via Wayback Machine archive because live site was down,Medium,"Verified via Wayback Machine snapshot dated 2024-08-13 of livingliquidz.com product page. Listed prices (Mumbai/Pune location, NOT confirmed Karnataka pricing): 500ML CAN ₹155.00, 650ML ₹200.00, 330ML ₹130.00. Country field lists Denmark (origin of brand). No ABV or calorie data present on the page."
Effingut Effin Light Lagered Ale,Effingut,,Ale (Domestic - Mild category),,,500 ML CAN,Can,,,[],,,,https://web.archive.org/web/20251215060746/https://www.livingliquidz.com/products/domestic-beers/ale?categorySlug=mild&categoryId=1701,Living Liquidz (livingliquidz.com) - accessed via Wayback Machine archive because live site was down,Low,"Verified via Wayback Machine snapshot dated 2025-12-15 of the 'Mild' beer category listing page. Listed price (Mumbai/Pune location, NOT confirmed Karnataka pricing): ₹250.00 for 500ML CAN. No individual product detail page for this SKU was found/fetched; no ABV data available."
Effingut Incider Ale Cherry Berry,Effingut,,Cider/Ale (Domestic - Mild category),,,500 ML CAN,Can,,,[],,,,https://web.archive.org/web/20251215060746/https://www.livingliquidz.com/products/domestic-beers/ale?categorySlug=mild&categoryId=1701,Living Liquidz (livingliquidz.com) - accessed via Wayback Machine archive because live site was down,Low,"Verified via Wayback Machine snapshot dated 2025-12-15 of the 'Mild' beer category listing page. Listed price (Mumbai/Pune location, NOT confirmed Karnataka pricing): ₹265.00 for 500ML CAN. No ABV data available."
Effingut Incider Ale Kashmiri Apple,Effingut,,Cider/Ale (Domestic - Mild category),,,500 ML CAN,Can,,,[],,,,https://web.archive.org/web/20251215060746/https://www.livingliquidz.com/products/domestic-beers/ale?categorySlug=mild&categoryId=1701,Living Liquidz (livingliquidz.com) - accessed via Wayback Machine archive because live site was down,Low,"Verified via Wayback Machine snapshot dated 2025-12-15 of the 'Mild' beer category listing page. Listed price (Mumbai/Pune location, NOT confirmed Karnataka pricing): ₹250.00 for 500ML CAN. No ABV data available."
Effingut Incider Ale Mango,Effingut,,Cider/Ale (Domestic - Mild category),,,500 ML CAN,Can,,,[],,,,https://web.archive.org/web/20251215060746/https://www.livingliquidz.com/products/domestic-beers/ale?categorySlug=mild&categoryId=1701,Living Liquidz (livingliquidz.com) - accessed via Wayback Machine archive because live site was down,Low,"Verified via Wayback Machine snapshot dated 2025-12-15 of the 'Mild' beer category listing page. Listed price (Mumbai/Pune location, NOT confirmed Karnataka pricing): ₹275.00 for 500ML CAN. No ABV data available."
Kingfisher Premium,Kingfisher,United Breweries Limited (part of The HEINEKEN Company),Lager,,,330 ml; 500 ml Can; 650 ml (per official brand page),Bottle / Can,,,[],,,https://www.unitedbreweries.com/sites/united-breweries/files/united-breweries/brands/kingfisher-premium/kingfisher-premium-330ml-new.png ; .../kingfisher-premium-500ml-can-new.png ; .../kingfisher-premium-650ml-new.png,https://www.unitedbreweries.com/our-brands/iconic-brands/kingfisher-premium,United Breweries Limited (unitedbreweries.com) — official brand pages,High,Verified by direct fetch of unitedbreweries.com brand page on 2026-08-05. Sizes/images confirmed; page does not publish ABV or calories for this SKU.
Kingfisher Strong,Kingfisher,United Breweries Limited (part of The HEINEKEN Company),Strong Lager,"Between 5% and 8% (site states a range, not a single fixed value: ""packs a bold punch with an ABV between 5% and 8%"")",,330 ml; 500 ml Can; 650 ml,Bottle / Can,,,[],,,https://www.unitedbreweries.com/sites/united-breweries/files/united-breweries/brands/kingfisher-strong/kingfisher-strong-330ml-new.png ; .../kingfisher-strong-500ml-can-new.png ; .../kingfisher-strong-650ml-new.png,https://www.unitedbreweries.com/our-brands/iconic-brands/kingfisher-strong,United Breweries Limited (unitedbreweries.com) — official brand pages,High,"Verified by direct fetch on 2026-08-05. ABV given as a range on the official page, not a per-SKU exact figure (actual ABV varies by state regulation in India). No calories published."
Kingfisher Ultra,Kingfisher,United Breweries Limited (part of The HEINEKEN Company),"Light-bodied premium lager (""Gold Standard"")",,,330 ml; 500 ml Can; 650 ml,Bottle / Can,,,[],,,https://www.unitedbreweries.com/sites/united-breweries/files/united-breweries/brands/kingfisher-ultra/kingfisher-ultra-330-ml.png ; .../kingfisher-ultra-500-ml-can.png ; .../kingfisher-ultra-650-ml.png,https://www.unitedbreweries.com/our-brands/iconic-brands/kingfisher-ultra,United Breweries Limited (unitedbreweries.com) — official brand pages,High,"Verified by direct fetch on 2026-08-05. No ABV or calorie figure published on this page (site describes it as ""light-bodied"" and ""crisp"" only)."
Kingfisher Ultra Max,Kingfisher,United Breweries Limited (part of The HEINEKEN Company),"Premium strong lager (positioned as ""stronger variant of The Gold Standard Beer"")",,,330 ml; 500 ml Can; 650 ml,Bottle / Can,,,[],,,https://www.unitedbreweries.com/sites/united-breweries/files/united-breweries/brands/kingfisher-ultra-max/kingfisher-ultra-max-330-ml.png ; .../kingfisher-ultra-max-500-ml-can.png ; .../kingfisher-ultra-max-650-ml.png,https://www.unitedbreweries.com/our-brands/iconic-brands/kingfisher-ultra-max,United Breweries Limited (unitedbreweries.com) — official brand pages,High,"Verified by direct fetch on 2026-08-05. No numeric ABV or calorie value published on page; described qualitatively as a ""premium strong lager."""
Kingfisher Ultra Witbier,Kingfisher,United Breweries Limited (part of The HEINEKEN Company),Belgian-style wheat beer (witbier),,,330 ml; 500 ml Can; 650 ml,Bottle / Can,,,[],,,https://www.unitedbreweries.com/sites/united-breweries/files/united-breweries/brands/kingfisher-ultra-witbier/kingfisher-ultra-witbier-330-ml.png ; .../kingfisher-ultra-witbier-500-ml-can.png ; .../kingfisher-ultra-witbier-650-ml.png,https://www.unitedbreweries.com/our-brands/iconic-brands/kingfisher-ultra-witbier,United Breweries Limited (unitedbreweries.com) — official brand pages,High,Verified by direct fetch on 2026-08-05. No ABV or calorie figure published.
Kingfisher Lemon Masala (KF Flavours),Kingfisher,United Breweries Limited (part of The HEINEKEN Company),Flavoured lager (lemon-masala),,,300 ml; 500 ml Can,Bottle / Can,,,[],,,https://www.unitedbreweries.com/sites/united-breweries/files/united-breweries/brands/kingfisher-flavours/lemon-masala/kf-flavours-300ml-lemon-masala.png ; .../kf-flavours-500ml-can-lemon-masala.png,https://www.unitedbreweries.com/our-brands/iconic-brands/kingfisher-lemon-masala,United Breweries Limited (unitedbreweries.com) — official brand pages,High,Verified by direct fetch on 2026-08-05. Note: 300 ml/500 ml pack sizes differ from the 330/500/650 ml pattern used for the other Kingfisher variants — this is what the page itself lists. No ABV/calories published.
Kingfisher Mango Berry Twist (KF Flavours),Kingfisher,United Breweries Limited (part of The HEINEKEN Company),Flavoured lager (mango-berry),,,300 ml; 500 ml,Bottle / Can,,,[],,,https://www.unitedbreweries.com/sites/united-breweries/files/united-breweries/brands/kingfisher-flavours/mango-berry-twist/kf-flavours-300-ml-mango-berry.png ; .../kf-flavours-500ml-mango-berry.png,https://www.unitedbreweries.com/our-brands/iconic-brands/kingfisher-mango-berry-twist,United Breweries Limited (unitedbreweries.com) — official brand pages,High,"Verified by direct fetch on 2026-08-05. No ABV/calories published; page text lists both a 500 ml ""Can"" reference and a plain 500 ml reference — package format (can vs bottle) for the 500 ml SKU is ambiguous on the page itself."
Amstel Grande,Amstel,United Breweries Limited (part of The HEINEKEN Company); Amstel brand originates from Amsterdam (heritage dates to 1870),"Premium no-added-sugar lager, slow-brewed/matured longer",,,330 ml; 500 ml Can; 650 ml,Bottle / Can,,,[],,,https://www.unitedbreweries.com/sites/united-breweries/files/united-breweries/brands/amstel-grande/amstel-grande-330ml.png ; .../amstel-grande-500ml-can.png ; .../amstel-grande-650ml.png,https://www.unitedbreweries.com/our-brands/iconic-brands/amstel-grande,United Breweries Limited (unitedbreweries.com) — official brand pages,High,"Verified by direct fetch on 2026-08-05, including a homepage news item confirming UBL 'Launches Amstel Grande in Goa.' No ABV/calories published."
Heineken Original,Heineken,The HEINEKEN Company (parent of UBL); distributed in India via UBL's portfolio hub page,,,,,,,,[],,,,https://www.heineken.com/in/en/our-products/heineken-original/,United Breweries Limited (unitedbreweries.com) — official brand pages,Medium,"Listed on unitedbreweries.com's 'Our Brands' hub page (verified fetch 2026-08-05) as part of the portfolio, but the 'Explore' link routes to heineken.com/in (Heineken's own India site), not a unitedbreweries.com brand page — so ABV/size/calorie details were not sourced from UBL's own site. Medium confidence because presence in UBL's portfolio is confirmed, but product specs are not hosted by unitedbreweries.com."
Heineken Silver,Heineken,The HEINEKEN Company (parent of UBL); distributed in India via UBL's portfolio hub page,,,,,,,,[],,,,https://www.heineken.com/in/en/our-products/heineken-silver/,United Breweries Limited (unitedbreweries.com) — official brand pages,Medium,Same as Heineken Original: listed on unitedbreweries.com hub page (verified fetch 2026-08-05) but 'Explore' link routes off-site to heineken.com/in.
Heineken 0.0,Heineken,United Breweries Limited (part of The HEINEKEN Company),,"0% (non-alcoholic, per product description)",,,,,,[],,,,https://www.unitedbreweries.com/our-brands/our-non-alcoholic-brands,United Breweries Limited (unitedbreweries.com) — official brand pages,Medium,Verified by direct fetch of UBL's 'Our Non-Alcoholic Brands' page on 2026-08-05. Page describes it as 'great taste and zero alcohol' with heritage note 'since 1873.' No size or calorie figure published. Medium confidence because this is a non-alcoholic brand entry rather than a full dedicated product page with package specs.
London Pilsner Premium,London Pilsner,United Breweries Limited,,,,"Bottle: 650 mL; Can: 500 mL, 330 mL",Bottle / Can,,,[],,,,https://www.unitedbreweries.com/our-brands/other-brands,United Breweries Limited (unitedbreweries.com) — official brand pages,High,"Verified by direct fetch of UBL's 'Other Brands' page on 2026-08-05, listed under 'Our Other Innovations' with explicit SKU sizes given by the site itself (""SKU's available: Bottle: 650 mL Can: 500 mL, 330 mL""). No ABV/calories published; regional brand (Maharashtra), launched 1973 per site text."
London Pilsner Strong (London Pilsner Premium Strong Beer),London Pilsner,United Breweries Limited,,,,Bottle: 650 mL; Can: 500 mL,Bottle / Can,,,[],,,,https://www.unitedbreweries.com/our-brands/other-brands,United Breweries Limited (unitedbreweries.com) — official brand pages,High,"Verified by direct fetch on 2026-08-05; site states strong variant introduced in 2008, regional (Maharashtra). No ABV/calories published on the page."
Bullet Super Strong,Bullet,United Breweries Limited,,,,"Bottle: 650 mL, 330 mL; Can: 500 mL",Bottle / Can,,,[],,,,https://www.unitedbreweries.com/our-brands/other-brands,United Breweries Limited (unitedbreweries.com) — official brand pages,High,"Verified by direct fetch on 2026-08-05; regional brand (Karnataka), brewed with Indian malt and German hops per site text. No ABV/calories published."
Cannon 10000,Cannon,United Breweries Limited,,,,"650 mL, 330 mL",Bottle,,,[],,,,https://www.unitedbreweries.com/our-brands/other-brands,United Breweries Limited (unitedbreweries.com) — official brand pages,High,Verified by direct fetch on 2026-08-05; regional legacy brand from Maharashtra (Marathwada region) per site text. No ABV/calories published.
Kalyani Black Label Strong (KBLS),Kalyani Black Label,United Breweries Limited,,,,650 mL,Bottle,,,[],,,,https://www.unitedbreweries.com/our-brands/other-brands,United Breweries Limited (unitedbreweries.com) — official brand pages,High,"Verified by direct fetch on 2026-08-05; regional brand from West Bengal, named after UBL's first brewery in Kalyani. No ABV/calories published."
Zingaro,Zingaro,United Breweries Limited,,,,650 mL,Bottle,,,[],,,,https://www.unitedbreweries.com/our-brands/other-brands,United Breweries Limited (unitedbreweries.com) — official brand pages,High,Verified by direct fetch on 2026-08-05. No ABV/calories published.
UB Export Lager,UB Export,United Breweries Limited,,,,"Bottle: 650 mL, 330 mL; Can: 500 mL",Bottle / Can,,,[],,,,https://www.unitedbreweries.com/our-brands/other-brands,United Breweries Limited (unitedbreweries.com) — official brand pages,High,Verified by direct fetch on 2026-08-05; regional Karnataka brand. No ABV/calories published.
UB Export Strong,UB Export,United Breweries Limited,,,,"Bottle: 650 mL, 330 mL; Can: 500 mL",Bottle / Can,,,[],,,,https://www.unitedbreweries.com/our-brands/other-brands,United Breweries Limited (unitedbreweries.com) — official brand pages,High,"Verified by direct fetch on 2026-08-05; regional Karnataka brand, strong variant. No ABV/calories published."
Kingfisher Premium Packaged Drinking Water,Kingfisher,United Breweries Limited,,,,,,,,[],,,,https://www.unitedbreweries.com/our-brands/our-non-alcoholic-brands,United Breweries Limited (unitedbreweries.com) — official brand pages,Medium,"Non-alcoholic product (packaged water), verified present on UBL's non-alcoholic brands page fetched 2026-08-05. Not a beer; included only because it appears in UBL's own product lineup. No size/price data published on this page."
Kingfisher Strong Power Soda,Kingfisher,United Breweries Limited,,,,,,,,[],,,,https://www.unitedbreweries.com/our-brands/our-non-alcoholic-brands,United Breweries Limited (unitedbreweries.com) — official brand pages,Medium,"Non-alcoholic mixer/soda product, verified present on UBL's non-alcoholic brands page (fetch 2026-08-05). Not a beer. No size/price data published."
Kingfisher Ultra Premium Soda,Kingfisher,United Breweries Limited,,,,,,,,[],,,,https://www.unitedbreweries.com/our-brands/our-non-alcoholic-brands,United Breweries Limited (unitedbreweries.com) — official brand pages,Medium,"Non-alcoholic mixer/soda product, verified present on UBL's non-alcoholic brands page (fetch 2026-08-05, text was truncated mid-sentence in the extraction so full description not captured). Not a beer. No size/price data published."
Bira 91 White,Bira 91,B9 Beverages Pvt. Ltd.,"Wheat beer (""all-day craft beer"", low bitterness, cloudy appearance)",4.7%,,"330ml pint, 500ml can, 24-pint case",Bottle and can,,,[],,,,https://web.archive.org/web/20180824155241/http://bira91.com/whitebeer/index.html,"bira91.com (official Bira 91 beer brand website, via live fetch attempt + Wayback Machine archives)",Medium,"Verified via Wayback Machine snapshot (24 Aug 2018) of bira91.com/whitebeer/index.html, not the live site (live site is currently broken/misconfigured). A 2024 snapshot confirms the name and tagline ('Wheat beer with citrus') still existed but did not repeat the ABV figure."
Bira 91 Strong,Bira 91,B9 Beverages Pvt. Ltd.,"Wheat beer / ""high intensity wheat beer""",7%,,"650ml bottle, 500ml can, 330ml pint",Bottle and can,,,[],,,,https://web.archive.org/web/20180824192216/http://bira91.com/strongbeer/index.html,"bira91.com (official Bira 91 beer brand website, via live fetch attempt + Wayback Machine archives)",Medium,Verified via Wayback Machine snapshot (24 Aug 2018). Not found as a distinct listed product on the 2024 snapshot of the site (which instead lists 'Bira 91 Boom' as the strong lager) — may have been discontinued/rebranded; could not confirm current status on live site.
Bira 91 Blonde,Bira 91,B9 Beverages Pvt. Ltd.,"Craft lager (""extra hoppy craft lager"")",4.7%,,"650ml bottle, 500ml can, 330ml pint",Bottle and can,,,[],,,,https://web.archive.org/web/20180824201817/http://bira91.com/blondebeer/index.html,"bira91.com (official Bira 91 beer brand website, via live fetch attempt + Wayback Machine archives)",Medium,2018 archive gives ABV 4.7% and sizes. A 2024 archive snapshot shows the product renamed/rebranded as 'Bira 91 Blonde Summer Lager' ('crisp and refreshing lager brewed with noble hops') without restating ABV — so the 4.7% figure is not confirmed for the current version of this product.
Bira 91 Light,Bira 91,B9 Beverages Pvt. Ltd.,"Light lager (""low calorie lunchtime lager"")",4%,"90 calories and 3 carbs per 330ml serving (per 2018 page); a 2024 snapshot of the site states ""80 calories and 3g carbs per 330ml"" for Bira 91 Light — the two archived pages disagree on the calorie figure","330ml pint, 500ml can, 24-pint case",Can,,,[],,,,https://web.archive.org/web/20180824192343/http://bira91.com/lightbeer/index.html,"bira91.com (official Bira 91 beer brand website, via live fetch attempt + Wayback Machine archives)",Medium,"ABV/size verified from 2018 archive; calorie figure verified from two different archive snapshots (2018: 90 cal, 2024: 80 cal) which conflict — flagging as unresolved rather than fabricating a single number."
"Bira 91 IPA (""The Indian Pale Ale"")",Bira 91,B9 Beverages Pvt. Ltd.,India Pale Ale,7%,,"330ml pint, 24-pint case",Pint/can (per 2018 page),,,[],,,,https://web.archive.org/web/20180824152757/http://bira91.com/ipabeer/index.html,"bira91.com (official Bira 91 beer brand website, via live fetch attempt + Wayback Machine archives)",Medium,"2018 archive gives ABV 7% and sizes. By 2024 the site lists a differently-named product, 'Bira 91 IPA brewed with Pomelo' (""Session IPA Brewed with pomelo""), suggesting the IPA recipe/positioning changed; ABV for that newer version was not found on any page I could retrieve."
Bira 91 Rise,Bira 91,B9 Beverages Pvt. Ltd.,"Rice strong lager — described on-site as ""INDIA'S FIRST PREMIUM RICE STRONG LAGER""",,,,,,,[],,,,https://web.archive.org/web/20240721112936/https://bira91.com/home/imagined-in-india/beer-details-stout,"bira91.com (official Bira 91 beer brand website, via live fetch attempt + Wayback Machine archives)",Low,"Name and tagline only, taken from the lineup/nav section of a 2024 archived page (product tile linking to beer-details-rise.php). ABV, package size, and calories were not present in any archived page content I could load — the detail sub-pages appear to be JS-rendered and the archived HTML only contains the static shell + the lineup grid text."
Bira 91 Gold,Bira 91,B9 Beverages Pvt. Ltd.,"Toasted & creamy lager with notes of honey and caramel (site text: ""GOLD WHEAT STRONG"")",,,,,,,[],,,,https://web.archive.org/web/20240721112936/https://bira91.com/home/imagined-in-india/beer-details-stout,"bira91.com (official Bira 91 beer brand website, via live fetch attempt + Wayback Machine archives)",Low,"Name/description only, from 2024 archived lineup grid text. No ABV/size/calorie data found in retrievable page content."
Bira 91 Blonde Summer Lager,Bira 91,B9 Beverages Pvt. Ltd.,Crisp lager brewed with noble hops,,,,,,,[],,,,https://web.archive.org/web/20240721112936/https://bira91.com/home/imagined-in-india/beer-details-stout,"bira91.com (official Bira 91 beer brand website, via live fetch attempt + Wayback Machine archives)",Low,This is the 2024-era successor/rename of 'Bira 91 Blonde'. Name/description only from 2024 archived lineup grid text; no ABV/size/calorie data found.
Bira 91 Boom (a.k.a. Boom Classic),Bira 91,B9 Beverages Pvt. Ltd.,"Malt-forward strong lager (site text: ""Bold and Flavorful malt-forward strong lager""; also shown as ""BOOM CLASSIC — Crisp Pilsner Brewed with Noble Hops"")",,,,,,,[],,,,https://web.archive.org/web/20240721112936/https://bira91.com/home/imagined-in-india/beer-details-stout,"bira91.com (official Bira 91 beer brand website, via live fetch attempt + Wayback Machine archives)",Low,"Name/description only from 2024 archived lineup grid text. The page shows two overlapping tiles for 'Boom' with slightly different descriptions (strong lager vs. pilsner), which I could not resolve into a single consistent product spec from the archived HTML. No ABV/size/calorie data found."
Bira 91 IPA brewed with Pomelo (Boom-Strong page slot),Bira 91,B9 Beverages Pvt. Ltd.,Session IPA brewed with pomelo,,,,,,,[],,,,https://web.archive.org/web/20240721112936/https://bira91.com/home/imagined-in-india/beer-details-stout,"bira91.com (official Bira 91 beer brand website, via live fetch attempt + Wayback Machine archives)",Low,"Name/description only from 2024 archived lineup grid text (linked via beer-details-boom-strong.php, which is confusing naming on the site's own part — the URL slug says 'boom-strong' but the tile content is for the Pomelo IPA). No ABV/size/calorie data found."
Bira 91 Malabar Stout,Bira 91,B9 Beverages Pvt. Ltd.,Coffee stout made with coffee beans sourced from the Malabar hills,,,,,,,[],,,,https://web.archive.org/web/20240721112936/https://bira91.com/home/imagined-in-india/beer-details-stout,"bira91.com (official Bira 91 beer brand website, via live fetch attempt + Wayback Machine archives)",Low,Name/description only from 2024 archived lineup grid text. No ABV/size/calorie data found in retrievable page content.
Bira 91 Superfresh White (Citrus / Mango / Berry variants),Bira 91,B9 Beverages Pvt. Ltd.,"Flavored wheat beer line — variants labeled Citrus, Mango, Berry",,,,,,,[],,,,https://web.archive.org/web/20240721112936/https://bira91.com/home/imagined-in-india/beer-details-stout,"bira91.com (official Bira 91 beer brand website, via live fetch attempt + Wayback Machine archives)",Low,"Only the variant/flavor names appear in the archived nav/footer text of the 2024 snapshot ('Superfresh White Citrus/Mango/Berry'); no ABV, size, or calorie data was retrievable."
Budweiser,Budweiser,AB InBev India,American Lager,,,,,,,[],,,https://abinbevindia.in/wp-content/uploads/2024/11/budweiser1.jpg,https://abinbevindia.in/budweiser/,AB InBev India official website (abinbevindia.in),High,"Verified by directly fetching https://abinbevindia.in/budweiser/ (after passing the site's age/location consent cookie). Page states: Country of origin USA, Style American Lager, Tasting Notes: barley malt, rice, hops, Suggested Glassware: tall American-style pint glass. No ABV%, package size, calories, MRP, or barcode is published on this page or anywhere else on the site."
Budweiser Magnum,Budweiser,AB InBev India,"American Lager (dark golden, beechwood-aged)",,,,,,,[],,,,https://abinbevindia.in/budweiser-magnum/,AB InBev India official website (abinbevindia.in),High,"Verified via direct fetch of https://abinbevindia.in/budweiser-magnum/. Page states Country of origin: India, Style: American Lager, aged twice on beechwood. No ABV, size, calories, or price published."
Budweiser 0.0,Budweiser,AB InBev India,Non-Alcoholic Lager Beer,,,,,,,[],,,,https://abinbevindia.in/budweiser-0-0/,AB InBev India official website (abinbevindia.in),High,"Verified via direct fetch of https://abinbevindia.in/budweiser-0-0/. Page states Country of origin: USA, Style: Non Alcoholic Lager Beer, Tasting Notes: slightly sweet, lingering rice taste. Site also links this variant from ab-inbev.com/our-brands as 'Budweiser Zero'. No ABV%/size/calories published (implicitly ~0.0% ABV per product name, but this is inference from the name, not a stated %)."
Budweiser 0.0 Green Apple,Budweiser,AB InBev India,Green Apple flavoured Non-Alcoholic Beer,,,,,,,[],,,,https://abinbevindia.in/budweiser-0-0-green-apple/,AB InBev India official website (abinbevindia.in),High,Verified via direct fetch of https://abinbevindia.in/budweiser-0-0-green-apple/. No ABV/size/calorie/price data published.
Budweiser Beats,Budweiser,AB InBev India,Fruity notes with balanced sweet-sourness (flavored malt beverage),,,,,,,[],,,,https://abinbevindia.in/budweiser-beats/,AB InBev India official website (abinbevindia.in),Medium,"Verified page exists and loaded via direct fetch of https://abinbevindia.in/budweiser-beats/. Style classification as a beer vs. flavored malt beverage is not explicit on the page (only 'Style: Fruity notes with balanced sweet-sourness' and 'Country of origin: India' are given), so exact style/ABV is unknown. No numeric ABV/size/calories published."
Corona Extra,Corona,AB InBev (Cerveceria Modelo / imported per AB InBev India distribution),Premium Mexican Lager,,,,,,,[],,,https://abinbevindia.in/wp-content/uploads/2024/11/corona-beers-with-limes-main-1.jpg,https://abinbevindia.in/corona/,AB InBev India official website (abinbevindia.in),High,"Verified via direct fetch of https://abinbevindia.in/corona/. Page states Country of origin: Mexico, Style: Premium Mexican Lager, Tasting Notes: golden lager, slightly fruity, crisp refreshing bitterness, served with a lime wedge. No ABV%, package size, calories, MRP, or barcode published. Note: page/title is generically 'Corona' though on-page copy refers to 'Corona Extra'; a separately branded 'Corona Cero' (0.0 alcohol) product was announced in press coverage found via Google search (e.g. a news headline 'AB InBev India launches Corona Cero to expand zero-alcohol beer...') but I could NOT find a dedicated Corona Cero product page on abinbevindia.in — its wp-json pages search for 'cero' returned zero results, so I cannot confirm Corona Cero's India SKU details from the official site; this is flagged Low confidence / unverified and is NOT included as its own SKU entry to avoid fabricating unverified specifics."
Hoegaarden,Hoegaarden,AB InBev India,Belgian White Beer (witbier),,,,,,,[],,,https://abinbevindia.in/wp-content/uploads/2024/11/hoegaarden1.jpg,https://abinbevindia.in/hoegaarden/,AB InBev India official website (abinbevindia.in),High,"Verified via direct fetch of https://abinbevindia.in/hoegaarden/. Page states Country of origin: Belgium, Style: Belgian White Beer, brewing tradition dating to 1445, uses orange peel and coriander, Tasting Notes: spice, cloves, tinge of citrus, served in the hexagonal glass. No ABV%, package size, calories, MRP, or barcode published."
Carlsberg Elephant,Carlsberg,Carlsberg India,"Lager (India site says 'Lager', 'full-bodied, full-flavored'; Carlsberg Group global catalog lists Carlsberg Elephant as style 'Bock')","7.2% (sourced from carlsberggroup.com/beers-you-love/ global brand listing, matched by name with Brand Origin = Denmark, consistent with the India site's stated Danish origin, but NOT directly stated on the carlsbergindia.com India product page itself)",,"500ml cans, 330ml bottles, 650ml bottles",,,,[],,,,https://carlsbergindia.com/products/carlsberg/carlsberg-elephant/,Carlsberg India (carlsbergindia.com) and Carlsberg Group global brand catalog (carlsberggroup.com),Medium,"India-site facts (Lager, Denmark origin, 2011 launch/2024 relaunch, package sizes) verified High confidence via direct fetch of carlsbergindia.com on 2026-08-05. The 7.2% ABV and 'Bock' style classification come from a separate page (carlsberggroup.com global catalog) matched by name+origin but not explicitly confirmed as the identical India SKU."
Tuborg Green,Tuborg,Carlsberg India,Lager (India site); 'Pilsner' per carlsberggroup.com global catalog,"4.6% (sourced from carlsberggroup.com/beers-you-love/ paginated global catalog, entry 'Tuborg Green', Brand Origin Denmark, matching the India site's stated Danish origin/2009 launch; not stated on carlsbergindia.com itself)",,"330 ml bottles, 500 ml cans, 650 ml bottles",,,,[],,,,https://carlsbergindia.com/products/tuborg/tuborg-green/,Carlsberg India (carlsbergindia.com) and Carlsberg Group global brand catalog (carlsberggroup.com),Medium,"India-site facts (Lager type, Denmark origin, 2009 launch, package sizes) High confidence, directly read from carlsbergindia.com on 2026-08-05. ABV 4.6% and 'Pilsner' style are from the separate global catalog matched by name+origin, so Medium confidence it is the exact same India formulation."
Tuborg Strong,Tuborg,Carlsberg India,"Lager (India site, described as a 'strong beer'); 'Strong Pilsner' per carlsberggroup.com global catalog","6.1% (sourced from carlsberggroup.com/beers-you-love/ global catalog entry 'Tuborg Strong', Brand Origin listed as Denmark). Note: the India site itself states origin as India (launched 2010), a minor discrepancy vs. the global catalog's Denmark origin label -- flagged for caution.",,"330 ml bottles, 330 ml cans, 500 ml cans, 650 ml bottles",,,,[],,,,https://carlsbergindia.com/products/tuborg/tuborg-strong/,Carlsberg India (carlsbergindia.com) and Carlsberg Group global brand catalog (carlsberggroup.com),Medium,"Package sizes and description High confidence, directly read from carlsbergindia.com on 2026-08-05. ABV 6.1% is Medium confidence -- taken from a global catalog entry with a conflicting origin label (Denmark vs. India-site's stated India origin), so exact match to the India retail SKU is not fully certain."
Tuborg Classic with Scotch Malts,Tuborg,Carlsberg India,Lager (India site); 'Strong Pilsner' per carlsberggroup.com global catalog,"6.7% (sourced from carlsberggroup.com/beers-you-love/ entry 'Tuborg Classic With Scotch Malts', Brand Origin Denmark). This entry's product image filename contains 'in_' -- likely denoting 'India' -- which is a stronger (though still inferential) signal this is the India-market SKU than for the other Tuborg matches.",,"330 ml bottles, 500 ml cans, 650 ml bottles",,,,[],,,https://carlsberggroup.com/media/viwll4lm/in_tuborg-classic-bottle.png,https://carlsbergindia.com/products/tuborg/tuborg-classic-with-scotch-malts/,Carlsberg India (carlsbergindia.com) and Carlsberg Group global brand catalog (carlsberggroup.com),High,"Description, 2017 launch year, and package sizes verified High confidence directly from carlsbergindia.com on 2026-08-05. ABV 6.7% is corroborated by a matching global catalog entry whose image filename explicitly suggests India origin, giving higher confidence than other cross-matched entries, though still an inference bridging two separate pages."
Tuborg Ice Draft,Tuborg,Carlsberg India,"Lager (described on carlsbergindia.com as a 'cold filtered, crisp lager')",unknown - not found on carlsbergindia.com or across all 15 pages of carlsberggroup.com's global 'beers-you-love' catalog that were checked,,"330 ml bottles, 500 ml cans, 650 ml bottles",,,,[],,,,https://carlsbergindia.com/products/tuborg/tuborg-ice-draft/,Carlsberg India (carlsbergindia.com) and Carlsberg Group global brand catalog (carlsberggroup.com),Medium,"Style, origin (Denmark), 2022 launch, and package sizes are High confidence, directly read from carlsbergindia.com on 2026-08-05. Could not find this SKU by name in the full 15-page paginated global carlsberggroup.com brand catalog, so ABV is left unverified/omitted rather than guessed."
1664 Blanc,1664,Carlsberg India / Kronenbourg (France),Wheat Beer,"5% (sourced from carlsberggroup.com/brands/ global catalog entry '1664 Blanc', which lists Beer Type 'Wheat Beer' and ABV '5%')",,"330 ml bottles, 500 ml cans (in selected states, per carlsbergindia.com)",,,,[],,,,https://carlsbergindia.com/products/1664/1664-blanc/,Carlsberg India (carlsbergindia.com) and Carlsberg Group global brand catalog (carlsberggroup.com),High,"carlsbergindia.com page (verified 2026-08-05, High confidence) gives style=Wheat, France origin, 2024 India launch, and package sizes. The 5% ABV comes from the matching entry name '1664 Blanc' on the global carlsberggroup.com catalog (same brand family, same style 'Wheat Beer'), a reasonably strong match though the global page does not itself state 'India' as the market."
Carlsberg Smooth,Carlsberg,Carlsberg India,"Lager (described on carlsbergindia.com as 'European style lager'). Note: a same-named but NOT confirmed-identical SKU 'Carlsberg Smooth Draught' on the global carlsberggroup.com catalog lists style 'Pilsner', ABV 4.8%, origin Malaysia -- may be a different regional variant, not confirmed as the India product.","unknown for the India product specifically. Not stated on carlsbergindia.com. A same-named global entry 'Carlsberg Smooth Draught' lists ABV 4.8% but its origin field says Malaysia (not India), so this is NOT confirmed to be the India-sold product and is omitted as a verified fact.",,"500ml cans, 330ml bottles, 650ml bottles",,,,[],,,,https://carlsbergindia.com/products/carlsberg/carlsberg-smooth/,Carlsberg India (carlsbergindia.com) and Carlsberg Group global brand catalog (carlsberggroup.com),Medium,"Verified via direct fetch (WebFetch + raw curl of HTML) of carlsbergindia.com product page on 2026-08-05. Origin/launch year (India, 2018) and package sizes are High confidence, directly read from page text. ABV is unknown/unverified for the India-market product -- the only name-matching global catalog entry has a conflicting origin (Malaysia), so it was not reported as a confirmed ABV value."
Tuborg Zero Packaged Drinking Water,Tuborg,Carlsberg India,Non-alcoholic packaged drinking water (not a beer),,,,,,,[],,,,https://carlsbergindia.com/our-products/other-products/,Carlsberg India (carlsbergindia.com) and Carlsberg Group global brand catalog (carlsberggroup.com),Medium,Only the product name and category ('Other Products') were confirmed via WebFetch of carlsbergindia.com/our-products/other-products/ on 2026-08-05. No size/spec details were shown on that page; a dedicated product page was not located.
Tuborg Zero Soda,Tuborg,Carlsberg India,Non-alcoholic soda (not a beer),,,,,,,[],,,,https://carlsbergindia.com/our-products/other-products/,Carlsberg India (carlsbergindia.com) and Carlsberg Group global brand catalog (carlsberggroup.com),Low,"Only the product name was observed in the 'Other Products' listing page via WebFetch on 2026-08-05; no dedicated product page was fetched, so no further detail is confirmed."
Carlsberg Elephant Strong Soda,Carlsberg,Carlsberg India,Non-alcoholic soda (not a beer),,,,,,,[],,,,https://carlsbergindia.com/our-products/other-products/,Carlsberg India (carlsbergindia.com) and Carlsberg Group global brand catalog (carlsberggroup.com),Low,Only the product name was observed in the 'Other Products' listing page via WebFetch on 2026-08-05; no dedicated product page was fetched.
Heineken Original,Heineken,"United Breweries Limited (Heineken license, India)",Pilsner / Lager,5%,42 kcal per 100ml (176 kJ per 100ml),"500ml (can, verified via /our-products/the-can page); other bottle sizes referenced generically but not itemized on official site",Bottle and can (green bottle with red star; also 500ml can - see 'The Can' page),,,[],,,https://www.heineken.com/media/rrjnijrl/hnk-can-500ml.png (500ml can image referenced on the-can page),https://www.heineken.com/in/en/our-products/heineken-original,Heineken.com — Official Heineken India product pages (heineken.com/in/en/our-products),High,Verified by fetching raw HTML of https://www.heineken.com/in/en/our-products/heineken-original on 2026-08-05. ABV 5% is a direct quote from an FAQ accordion: 'The alcohol volume of Heineken pilsner is 5%.' Calories (42 kcal/100ml) directly quoted from page text. 500ml can size confirmed on the sibling page https://www.heineken.com/in/en/our-products/the-can via image alt text 'Hnk Can 500Ml'. No barcode/GTIN/India MRP was found on the official site — omitted rather than guessed.
Heineken Silver,Heineken,"United Breweries Limited (Heineken license, India)","Premium lager (lower ABV, less bitter than Heineken Original)",4%,35 kcal per 100ml (146 kJ per 100ml); carbohydrates 2.9g/100ml,"500ml (can, confirmed via image alt text 'Heineken Silver The Can 500Ml')",Can and bottle (green bottle with silver seal),,,[],,,,https://www.heineken.com/in/en/our-products/heineken-silver,Heineken.com — Official Heineken India product pages (heineken.com/in/en/our-products),High,"Verified by fetching raw HTML of https://www.heineken.com/in/en/our-products/heineken-silver on 2026-08-05. ABV directly quoted from FAQ accordion: 'Yes. The alcohol volume of Heineken Silver is 4%, while the alcohol volume of Heineken Original is 5%.' Calories/nutrition table directly quoted from page. 500ml can size confirmed via image alt attribute on the same page. No official India MRP, barcode, or GTIN found on heineken.com — omitted."
Heineken 0.0,Heineken,"United Breweries Limited (Heineken license, India)",Non-alcoholic lager,Less than 0.03% (marketed as non-alcoholic),21 kcal per 100ml (90 kJ per 100ml); 69 kcal per 33cl bottle,33cl (330ml) bottle,"Bottle (also sold as can via third-party retailers, not confirmed on official site)",,,[],,,image alt text 'Heineken 00 Bottle' referenced on official page,https://www.heineken.com/in/en/our-products/heineken-0-0,Heineken.com — Official Heineken India product pages (heineken.com/in/en/our-products),High,"Verified by fetching raw HTML of https://www.heineken.com/in/en/our-products/heineken-0-0 on 2026-08-05. ABV directly quoted: 'Heineken 0.0 contains less than 0,03% alcohol so as such it is a non-alcohol beer.' Calorie figures directly quoted ('21 kcal/100ml so a 33cl bottle has 69 calories'). Note: a third-party retailer (Flipkart listing seen in search results, not independently fetched/verified) advertises a 'can' format for Heineken 0.0 in India — this is UNVERIFIED (Low confidence) since the official Heineken India site only shows a bottle image for this product."
Heineken Draught Beer,Heineken,"United Breweries Limited (Heineken license, India)","Lager, served on tap/draught",unknown (not stated on official product page),,unknown — no keg/liter size disclosed on official page,Draught (on-premise tap/keg service; no consumer retail package),,,[],,,,https://www.heineken.com/in/en/our-products/draught-beer,Heineken.com — Official Heineken India product pages (heineken.com/in/en/our-products),Medium,"Verified by fetching raw HTML of https://www.heineken.com/in/en/our-products/draught-beer on 2026-08-05. Page confirms the product exists and is served as draught ('The same great taste in 192 countries... perfect Heineken draught beer') but does not disclose ABV or keg size, so those fields are marked unknown rather than guessed."
Heineken Silver Draught,Heineken,"United Breweries Limited (Heineken license, India)","Lager, premium draught (India-specific launch)",unknown (not stated in source article; inferred but NOT confirmed to match Heineken Silver's 4% ABV),,,"Draught (on-tap at bars/pubs, launched Dec 2023 in Maharashtra: Mumbai, Thane, Pune; Karnataka expansion planned per article)",,,[],,,,https://www.brewer-world.com/united-breweries-unveils-heineken-silver-draught-beer-in-india,Heineken.com — Official Heineken India product pages (heineken.com/in/en/our-products),Low,"This SKU was NOT found on Heineken's own heineken.com/in site (which only lists a generic 'Draught Beer' page and a separately-branded 'Heineken Silver' can/bottle page — no combined 'Silver Draught' product page was located there). It is documented via a third-party industry news site (Brewer World), fetched and read on 2026-08-05, describing United Breweries' India-specific launch of 'Heineken Silver Draught' in Dec 2023. ABV was not stated in that article; I did NOT assume it equals Heineken Silver's bottled 4% ABV. Confidence is Low because the primary source is a secondary news outlet, not Heineken's own site, and no official India distributor/press page was located to corroborate it."
Simba Wit,Simba,Sona Beverages Pvt. Ltd.,Witbier/Belgian-style wheat beer (per third-party review site; not stated as such on brand site),,,,Bottle (per homepage bottle imagery; not explicitly labeled),,,[],,,https://simbabeer.com/public/images/product-pages/bottles/wit.png,https://simbabeer.com/our-beers/wit/,"Multi-source: Simba (simbabeer.com), Geist Brewing (geist.in), Toit (toit.in), Arbor Brewing Company India (arborbrewing.in)",Medium,"VERIFIED (live fetch of simbabeer.com/our-beers/wit/, 2026-08-05): page confirms beer name 'Wit' and shows a bottle product image, but the live page text contains NO ABV, size, price, or MRP. ABV (~4.5%) and size/price figures were seen only on a third-party site (liquorsprice.com) via WebFetch summary, which I could not independently verify against primary sourcing and could be wrong/outdated. Karnataka/Bengaluru retail availability is INFERENCE from a 2021 archived version of simba.co.in (different domain, likely an ad-agency site, not verified as the beer brand) and from third-party mentions of 'Bengaluru' as a market — not confirmed on the live brand site, which only shows a citywide 'Find Simba' locator with Bars/Stores in Goa, Delhi, Bengaluru, Assam, Kolkata (not itemized by specific SKU)."
Simba Stout,Simba,Sona Beverages Pvt. Ltd.,Stout,,,,Bottle (per homepage bottle imagery; not explicitly labeled),,,[],,,https://simbabeer.com/public/images/product-pages/bottles/stout.png,https://simbabeer.com/our-beers/stout/,"Multi-source: Simba (simbabeer.com), Geist Brewing (geist.in), Toit (toit.in), Arbor Brewing Company India (arborbrewing.in)",Medium,"VERIFIED (live fetch of simbabeer.com/our-beers/stout/, 2026-08-05): confirms beer name and bottle image only, no ABV/size/price/MRP text present. Unverified secondary-source figures (ABV ~4.5-5%, 330/500ml, price ranges) came only from a WebFetch summary of liquorsprice.com, a third-party price aggregator I could not independently cross-check; treat as unconfirmed/Low confidence."
Simba Strong,Simba,Sona Beverages Pvt. Ltd.,Strong lager (per third-party review; brand site does not label style in text),,,,Bottle (per homepage bottle imagery; not explicitly labeled),,,[],,,https://simbabeer.com/public/images/product-pages/bottles/strong.png,https://simbabeer.com/our-beers/strong/,"Multi-source: Simba (simbabeer.com), Geist Brewing (geist.in), Toit (toit.in), Arbor Brewing Company India (arborbrewing.in)",Medium,"VERIFIED (live fetch of simbabeer.com/our-beers/strong/, 2026-08-05): confirms beer name and bottle image, no ABV/size/price text on page. Unverified secondary-source ABV (~7.5-8%) and sizes/prices from liquorsprice.com summary only — could not independently confirm; Low confidence on those specific numbers."
Simba Lager,Simba,Sona Beverages Pvt. Ltd.,Lager,,,,"Unknown (not shown as retail SKU on current brand navigation; 'Lager' name did not appear as a distinct product-page slug on simbabeer.com in my crawl, only 'Wit/Stout/Strong')",,,[],,,,,"Multi-source: Simba (simbabeer.com), Geist Brewing (geist.in), Toit (toit.in), Arbor Brewing Company India (arborbrewing.in)",Low,"UNVERIFIED as a distinct current retail SKU on the primary site. A third-party review site (occassionaldrinker.com) described a 'Simba Lager' at 4.5% ABV, 330ml, ~₹120, but this was not corroborated on simbabeer.com's own current beer lineup pages (which list Wit/Stout/Lager/Strong on the homepage nav string but the crawlable sub-pages I found were /wit, /stout, /strong, /light — 'light' page's title text was actually 'Lager' per its <title> tag: 'Lager | Simba Beer', at URL /our-beers/light/). Flagging discrepancy: the URL slug is 'light' but page title is 'Lager' — likely the same product, but I cannot confirm ABV/size/price for it from the primary source."
James Blond (Geist James Blond),Geist,Geist Brewing Co.,Belgian-Style Strong Blond Ale,,,500 ml,"Crowler can (unpasteurised, cold-chain)",225.0,225.0,"[{""value"": ""₹225"", ""source"": ""Multi-source: Simba (simbabeer.com), Geist Brewing (geist.in), Toit (toit.in), Arbor Brewing Company India (arborbrewing.in)"", ""source_url"": ""https://www.geist.in/retail"", ""confidence"": ""High""}]",,,,https://www.geist.in/retail,"Multi-source: Simba (simbabeer.com), Geist Brewing (geist.in), Toit (toit.in), Arbor Brewing Company India (arborbrewing.in)",High,"VERIFIED via direct fetch/grep of raw HTML at https://www.geist.in/retail (2026-08-05): page text states 'These craft beers from the Geist portfolio are available in 500ml Crowlers at select retail stores in Bangalore' and lists JB=₹225/500ML, matched to 'Belgian-style Strong Blond Ale' via the JB logo asset filename mapping in the same HTML block. Also cross-verified beer name/style pairing via JSON-LD structured data on https://www.geist.in/beers ('Geist James Blond' / category 'Belgian-Style Strong Blond Ale'). No ABV figure is published on either page — omitted rather than guessed. Retail stores confirmed to be Bangalore (Karnataka) and Pondicherry; this SKU's Karnataka retail presence is High confidence."
Uncle Dunkel (Geist Uncle Dunkel),Geist,Geist Brewing Co.,Dark Wheat Beer / Bavarian-style Dark Wheat Beer,,,500 ml,"Crowler can (unpasteurised, cold-chain)",225.0,225.0,"[{""value"": ""₹225"", ""source"": ""Multi-source: Simba (simbabeer.com), Geist Brewing (geist.in), Toit (toit.in), Arbor Brewing Company India (arborbrewing.in)"", ""source_url"": ""https://www.geist.in/retail"", ""confidence"": ""High""}]",,,,https://www.geist.in/retail,"Multi-source: Simba (simbabeer.com), Geist Brewing (geist.in), Toit (toit.in), Arbor Brewing Company India (arborbrewing.in)",High,"VERIFIED via direct fetch/grep of raw HTML at https://www.geist.in/retail (2026-08-05): UD logo mapped to 'Bavarian-style Dark Wheat Beer', ₹225/500ML, sold in Bangalore + Pondicherry retail stores. Cross-verified name/category via JSON-LD on /beers page ('Geist Uncle Dunkel' / 'Dark Wheat Beer'). Note this beer separately won 'Gold at European Beer Star Awards 2025 in South German Style Hefeweizen Dunkel category' per homepage award banner (verified in raw HTML). No ABV published on site."
Kamacitra (Geist Kamacitra),Geist,Geist Brewing Co.,American-style India Pale Ale,,,500 ml,"Crowler can (unpasteurised, cold-chain)",249.0,249.0,"[{""value"": ""₹249"", ""source"": ""Multi-source: Simba (simbabeer.com), Geist Brewing (geist.in), Toit (toit.in), Arbor Brewing Company India (arborbrewing.in)"", ""source_url"": ""https://www.geist.in/retail"", ""confidence"": ""High""}]",,,,https://www.geist.in/retail,"Multi-source: Simba (simbabeer.com), Geist Brewing (geist.in), Toit (toit.in), Arbor Brewing Company India (arborbrewing.in)",High,"VERIFIED via direct fetch/grep of raw HTML at https://www.geist.in/retail (2026-08-05): KC logo mapped to 'American-style India Pale Ale', ₹249/500ML (the one variant priced higher than the others), sold in Bangalore + Pondicherry retail stores. Cross-verified via JSON-LD on /beers ('Geist Kamacitra' / 'American-Style India Pale Ale'). No ABV published on site."
Witty Wit (Geist Witty Wit),Geist,Geist Brewing Co.,Belgian-Style Witbier,,,500 ml,"Crowler can (unpasteurised, cold-chain)",225.0,225.0,"[{""value"": ""₹225"", ""source"": ""Multi-source: Simba (simbabeer.com), Geist Brewing (geist.in), Toit (toit.in), Arbor Brewing Company India (arborbrewing.in)"", ""source_url"": ""https://www.geist.in/retail"", ""confidence"": ""High""}]",,,,https://www.geist.in/retail,"Multi-source: Simba (simbabeer.com), Geist Brewing (geist.in), Toit (toit.in), Arbor Brewing Company India (arborbrewing.in)",High,"VERIFIED via direct fetch/grep of raw HTML at https://www.geist.in/retail (2026-08-05): WW logo mapped to 'Belgian-style Witbier', ₹225/500ML, sold in Bangalore + Pondicherry retail stores. Cross-verified via JSON-LD on /beers ('Geist Witty Wit' / 'Belgian-Style Witbier'). No ABV published on site."
Toit Tint-In-Wit,Toit,,Belgian Witbier,4.6%,,,,,,[],,,,https://toit.in/beer/toit-tint-in-wit/,"Multi-source: Simba (simbabeer.com), Geist Brewing (geist.in), Toit (toit.in), Arbor Brewing Company India (arborbrewing.in)",Medium,"TAPROOM/ON-PREMISE BEER, NOT A CONFIRMED PACKAGED RETAIL SKU. VERIFIED via direct fetch of raw HTML at https://toit.in/beer/toit-tint-in-wit/ (2026-08-05): ABV 4.6% confirmed in page text. The site's boilerplate footer on every beer page states 'Toit beer is available in our partner bars and at an MRP store near you' with generic 'Partner Bars' / 'MRP Stores' buttons — this is a general brand-level claim, not a per-SKU confirmation, and no package size (can/bottle/ml), no MRP figure, and no Karnataka-specific distribution confirmation appears on the page. Per instructions, package size/MRP are omitted as unverifiable; this is flagged as ambiguous between taproom-served and packaged retail — treat with caution."
Toit Nitro Stout,Toit,,Dry Stout,4.5%,,,"Bottle (for this variant specifically, per site text: 'also comes in bottles')",,,[],,,,https://toit.in/beer/toit-nitro-stout/,"Multi-source: Simba (simbabeer.com), Geist Brewing (geist.in), Toit (toit.in), Arbor Brewing Company India (arborbrewing.in)",Medium,"VERIFIED via direct fetch of raw HTML at https://toit.in/beer/toit-nitro-stout/ (2026-08-05): ABV 4.5% confirmed; page explicitly states 'The Nitro Stout also comes in bottles, so make sure you check out the video below to know how to pour it just the right way' — this is the only Toit beer where bottled packaging is explicitly confirmed in text (others show generic 'Partner Bars/MRP Stores' language only). No specific bottle size (ml) or MRP is given, so these are omitted. Not confirmed whether the bottled format is sold as off-premise retail with a fixed Karnataka MRP or only used for on-premise/growler-style service."
Toit Basmati Blonde,Toit,,Blonde Ale,4.6%,,,,,,[],,,,https://toit.in/beer/toit-basmati-blonde/,"Multi-source: Simba (simbabeer.com), Geist Brewing (geist.in), Toit (toit.in), Arbor Brewing Company India (arborbrewing.in)",Low,"TAPROOM-LEANING / UNCONFIRMED RETAIL STATUS. VERIFIED ABV 4.6% via direct fetch of raw HTML (2026-08-05). No package size, no MRP, and no explicit bottling confirmation found on page (unlike Nitro Stout). Should be treated as brewpub/taproom-associated unless a dedicated packaged SKU with MRP can be confirmed elsewhere."
Toit Hefeweizen,Toit,,Bavarian Hefeweizen,4.9%,,,,,,[],,,,https://toit.in/beer/toit-hefeweizen/,"Multi-source: Simba (simbabeer.com), Geist Brewing (geist.in), Toit (toit.in), Arbor Brewing Company India (arborbrewing.in)",Low,"TAPROOM-LEANING / UNCONFIRMED RETAIL STATUS. VERIFIED ABV 4.9% via direct fetch of raw HTML (2026-08-05). No package size, no MRP, no bottling confirmation on page."
Toit India Pale Ale,Toit,,English Pale Ale (Bitter),5.0%,,,,,,[],,,,https://toit.in/beer/toit-india-pale-ale/,"Multi-source: Simba (simbabeer.com), Geist Brewing (geist.in), Toit (toit.in), Arbor Brewing Company India (arborbrewing.in)",Low,"TAPROOM-LEANING / UNCONFIRMED RETAIL STATUS. VERIFIED ABV 5.0% via direct fetch of raw HTML (2026-08-05). No package size, no MRP, no bottling confirmation on page."
Toit Red Ale,Toit,,Irish Red Ale,5.0%,,,,,,[],,,,https://toit.in/beer/toit-red-ale/,"Multi-source: Simba (simbabeer.com), Geist Brewing (geist.in), Toit (toit.in), Arbor Brewing Company India (arborbrewing.in)",Low,"TAPROOM-LEANING / UNCONFIRMED RETAIL STATUS. VERIFIED ABV 5.0% via direct fetch of raw HTML (2026-08-05). No package size, no MRP, no bottling confirmation on page."
Banger Lager (Toit),Toit,,Bohemian-style Lager (with ragi/finger millet),4.5%,,,,,,[],,,,https://toit.in/beer/banger-lager/,"Multi-source: Simba (simbabeer.com), Geist Brewing (geist.in), Toit (toit.in), Arbor Brewing Company India (arborbrewing.in)",Low,"TAPROOM-LEANING / UNCONFIRMED RETAIL STATUS. VERIFIED ABV 4.5% via direct fetch of raw HTML (2026-08-05). No package size, no MRP, no bottling confirmation on page."
Bangalore Bliss Hefeweizen,Arbor Brewing Company,Arbor Brewing Company India,Hefeweizen (Wheat Beer),5.5%,,,Can,,,[],,,,https://www.arborbrewing.in,"Multi-source: Simba (simbabeer.com), Geist Brewing (geist.in), Toit (toit.in), Arbor Brewing Company India (arborbrewing.in)",High,"NOT A KARNATAKA RETAIL SKU — flagging per instructions. VERIFIED via direct fetch of raw HTML at https://www.arborbrewing.in (2026-08-05): homepage explicitly states 'Fresh Craft Beer in Cans — Retailing only across Goa' and lists 'Bangalore Bliss Hefeweizen 5.5%' under that heading, with 'Scan or click QR Code to find a store/bar close to you to pick up our cans... Buy in Goa'. This SKU IS a packaged retail can, but it is explicitly NOT sold retail in Karnataka — it is only served on-tap/on-premise in the Bangalore (Karnataka) taproom ('Beers on Tap in Bangalore' section separately lists this brewery's Bangalore-only draft lineup: Idaho 7 Lager, Watermelon Dandy, Mango Maibock, Bangalore Bliss, Michael Faricy Stout, Smooth Criminal, Raging Elephant, Beach Shack — all draft/on-tap only, no ABV/size discrepancy noted for on-tap Bangalore Bliss at 5.5%). Do not include as a Karnataka retail SKU per ValueBrew's requirement; included here only to make the taproom-vs-retail distinction explicit and prevent it being missed as 'available in Karnataka.'"
Beach Shack IPA,Arbor Brewing Company,Arbor Brewing Company India,American India Pale Ale,6%,,,Can,,,[],,,,https://www.arborbrewing.in,"Multi-source: Simba (simbabeer.com), Geist Brewing (geist.in), Toit (toit.in), Arbor Brewing Company India (arborbrewing.in)",High,"NOT A KARNATAKA RETAIL SKU — flagging per instructions. VERIFIED via direct fetch of raw HTML at https://www.arborbrewing.in (2026-08-05): listed under 'Fresh Craft Beer in Cans — Retailing only across Goa', ABV 6% stated in page text. Same beer name also appears in the separate 'Beers on Tap in Bangalore' list (Beach Shack, 6% ABV | 55 IBU) as a draft-only offering at the Bangalore taproom. The canned/retail version is Goa-only, not Karnataka; the Bangalore/Karnataka version is on-tap/taproom-only, not a packaged retail SKU with MRP. Excluded from ValueBrew's Karnataka retail-SKU set; listed here to document the taproom vs. retail distinction."
Kingfisher Premium Bottle,United Breweries,United Breweries,,,,650 ml,Bottle,110.0,110.0,"[{""value"": ""₹110.00"", ""source"": ""Madhuloka (Karnataka liquor retail chain, CL5-licensed) — madhuloka.com online shop, Beer category"", ""source_url"": ""https://www.madhuloka.com/shop/category/beer-3"", ""confidence"": ""High""}]",,,,https://www.madhuloka.com/shop/m000008-kf-premium-bottle-3842?category=3,"Madhuloka (Karnataka liquor retail chain, CL5-licensed) — madhuloka.com online shop, Beer category",High,"Verified by direct fetch of product page on 2026-08-05; price and size shown on page. Note: site labels this as retail selling price on Madhuloka's own e-commerce listing, not an official KSBCL/government MRP list, so treat 'karnataka_mrp' as the listed shop price, not confirmed statutory MRP."
Kingfisher Premium Pint,United Breweries,United Breweries,,,,Unverified (listed as 'Pint' — exact ml not confirmed),Bottle (Pint/small),60.0,60.0,"[{""value"": ""₹60.00"", ""source"": ""Madhuloka (Karnataka liquor retail chain, CL5-licensed) — madhuloka.com online shop, Beer category"", ""source_url"": ""https://www.madhuloka.com/shop/category/beer-3"", ""confidence"": ""Medium""}]",,,,https://www.madhuloka.com/shop/category/beer-3/page/2,"Madhuloka (Karnataka liquor retail chain, CL5-licensed) — madhuloka.com online shop, Beer category",Medium,"Price and name verified from category listing page text; individual product detail page was not opened, so exact size (ml) is unverified."
Kingfisher Premium Tin,United Breweries,United Breweries,,,,Unverified,Can/Tin,80.0,80.0,"[{""value"": ""₹80.00"", ""source"": ""Madhuloka (Karnataka liquor retail chain, CL5-licensed) — madhuloka.com online shop, Beer category"", ""source_url"": ""https://www.madhuloka.com/shop/category/beer-3"", ""confidence"": ""Medium""}]",,,,https://www.madhuloka.com/shop/category/beer-3/page/2,"Madhuloka (Karnataka liquor retail chain, CL5-licensed) — madhuloka.com online shop, Beer category",Medium,Price seen on category listing page only; size not opened/confirmed on product detail page.
KF Ultra Max,United Breweries,United Breweries,,,,Unverified,Bottle/Can (unclear which),245.0,245.0,"[{""value"": ""₹245.00"", ""source"": ""Madhuloka (Karnataka liquor retail chain, CL5-licensed) — madhuloka.com online shop, Beer category"", ""source_url"": ""https://www.madhuloka.com/shop/category/beer-3"", ""confidence"": ""Medium""}]",,,,https://www.madhuloka.com/shop/category/beer-3,"Madhuloka (Karnataka liquor retail chain, CL5-licensed) — madhuloka.com online shop, Beer category",Medium,Price/name from category listing page text; product detail page not opened for this specific SKU.
KF Strong Tin,United Breweries,United Breweries,,,,500 ml,Can/Tin,140.0,140.0,"[{""value"": ""₹140.00"", ""source"": ""Madhuloka (Karnataka liquor retail chain, CL5-licensed) — madhuloka.com online shop, Beer category"", ""source_url"": ""https://www.madhuloka.com/shop/category/beer-3"", ""confidence"": ""High""}]",,,,https://www.madhuloka.com/shop/m000014-kf-strong-tin-3851?page=2&category=3,"Madhuloka (Karnataka liquor retail chain, CL5-licensed) — madhuloka.com online shop, Beer category",High,Verified via direct fetch of product detail page; price and size both shown on the page.
Haywards 5000,Ab InBev,Ab InBev (formerly SABMiller),,,,650 ml,Bottle,145.0,145.0,"[{""value"": ""₹145.00"", ""source"": ""Madhuloka (Karnataka liquor retail chain, CL5-licensed) — madhuloka.com online shop, Beer category"", ""source_url"": ""https://www.madhuloka.com/shop/category/beer-3"", ""confidence"": ""High""}]",,,,https://www.madhuloka.com/shop/m000042-haywards-5000-3256?category=3,"Madhuloka (Karnataka liquor retail chain, CL5-licensed) — madhuloka.com online shop, Beer category",High,"Verified via direct fetch of product detail page; description, price ₹145.00 and size 650 ml both shown on the page. Product page attributes brand to 'Ab Inbev'."
Budweiser Premium Bottle,Ab InBev,Ab InBev,,,,650 ml,Bottle,205.0,205.0,"[{""value"": ""₹205.00"", ""source"": ""Madhuloka (Karnataka liquor retail chain, CL5-licensed) — madhuloka.com online shop, Beer category"", ""source_url"": ""https://www.madhuloka.com/shop/category/beer-3"", ""confidence"": ""High""}]",,,,https://www.madhuloka.com/shop/m000035-budweiser-premium-bottle-3376?category=3,"Madhuloka (Karnataka liquor retail chain, CL5-licensed) — madhuloka.com online shop, Beer category",High,Verified via direct fetch of product detail page.
Budweiser Magnum Bottle,Ab InBev,Ab InBev,,,,650 ml,Bottle,250.0,250.0,"[{""value"": ""₹250.00"", ""source"": ""Madhuloka (Karnataka liquor retail chain, CL5-licensed) — madhuloka.com online shop, Beer category"", ""source_url"": ""https://www.madhuloka.com/shop/category/beer-3"", ""confidence"": ""High""}]",,,,https://www.madhuloka.com/shop/m000039-budweiser-magnum-bottle-3373?category=3,"Madhuloka (Karnataka liquor retail chain, CL5-licensed) — madhuloka.com online shop, Beer category",High,Verified via direct fetch of product detail page.
Knock Out Bottle,Ab InBev,Ab InBev,,,,650 ml,Bottle,175.0,175.0,"[{""value"": ""₹175.00"", ""source"": ""Madhuloka (Karnataka liquor retail chain, CL5-licensed) — madhuloka.com online shop, Beer category"", ""source_url"": ""https://www.madhuloka.com/shop/category/beer-3"", ""confidence"": ""High""}]",,,,https://www.madhuloka.com/shop/m000045-knock-out-bottle-3874?category=3,"Madhuloka (Karnataka liquor retail chain, CL5-licensed) — madhuloka.com online shop, Beer category",High,Verified via direct fetch of product detail page.
Hoegaarden Rosee Tin,Ab InBev,Ab InBev,,,,500 ml,Can/Tin,140.0,140.0,"[{""value"": ""₹140.00"", ""source"": ""Madhuloka (Karnataka liquor retail chain, CL5-licensed) — madhuloka.com online shop, Beer category"", ""source_url"": ""https://www.madhuloka.com/shop/category/beer-3"", ""confidence"": ""High""}]",,,,https://www.madhuloka.com/shop/m000061-hoegaarden-rosee-tin-3728?category=3,"Madhuloka (Karnataka liquor retail chain, CL5-licensed) — madhuloka.com online shop, Beer category",High,Verified via direct fetch of product detail page.
Simba Roar Strong,Sona Beverages,Sona Beverages,,,,500 ml,Can/Bottle (unclear),135.0,135.0,"[{""value"": ""₹135.00"", ""source"": ""Madhuloka (Karnataka liquor retail chain, CL5-licensed) — madhuloka.com online shop, Beer category"", ""source_url"": ""https://www.madhuloka.com/shop/category/beer-3"", ""confidence"": ""High""}]",,,,https://www.madhuloka.com/shop/m000056-simba-roar-strong-4380?category=3,"Madhuloka (Karnataka liquor retail chain, CL5-licensed) — madhuloka.com online shop, Beer category",High,Verified via direct fetch of product detail page; brand listed as 'Sona Beverages'.
UB Premium Bottle,United Breweries,United Breweries,,,,650 ml,Bottle,135.0,135.0,"[{""value"": ""₹135.00"", ""source"": ""Madhuloka (Karnataka liquor retail chain, CL5-licensed) — madhuloka.com online shop, Beer category"", ""source_url"": ""https://www.madhuloka.com/shop/category/beer-3"", ""confidence"": ""High""}]",,,,https://www.madhuloka.com/shop/m000031-ub-premium-bottle-4594?page=2&category=3,"Madhuloka (Karnataka liquor retail chain, CL5-licensed) — madhuloka.com online shop, Beer category",High,Verified via direct fetch of product detail page.
Carlsberg Miracle Can 500,Carlsberg,Carlsberg,,,,"500 ml (from product name, not independently confirmed on detail page)",Can,185.0,185.0,"[{""value"": ""₹185.00"", ""source"": ""Madhuloka (Karnataka liquor retail chain, CL5-licensed) — madhuloka.com online shop, Beer category"", ""source_url"": ""https://www.madhuloka.com/shop/category/beer-3"", ""confidence"": ""Medium""}]",,,,https://www.madhuloka.com/shop/category/beer-3,"Madhuloka (Karnataka liquor retail chain, CL5-licensed) — madhuloka.com online shop, Beer category",Medium,Price/name seen on category listing page text; product detail page was not separately opened to confirm size field.
Heineken Silver,Heineken,Heineken,,,,"Unverified — multiple listings at ₹120.00, ₹155.00, ₹195.00 suggest different sizes but not confirmed","Unknown (listing shows 3 separate price points, likely different pack sizes: pint/bottle/tin)",120.0,120.0,"[{""value"": ""₹120.00 / ₹155.00 / ₹195.00 (three separate SKUs on listing page)"", ""source"": ""Madhuloka (Karnataka liquor retail chain, CL5-licensed) — madhuloka.com online shop, Beer category"", ""source_url"": ""https://www.madhuloka.com/shop/category/beer-3"", ""confidence"": ""Low""}]",,,,https://www.madhuloka.com/shop/category/beer-3,"Madhuloka (Karnataka liquor retail chain, CL5-licensed) — madhuloka.com online shop, Beer category",Low,Three 'Heineken Silver' entries with different prices appeared on the category page; likely different pack sizes but this was not confirmed by opening each product detail page.
Tuborg Green Bottle,Carlsberg (Tuborg),Carlsberg,,,,Unverified,Bottle,145.0,145.0,"[{""value"": ""₹145.00"", ""source"": ""Madhuloka (Karnataka liquor retail chain, CL5-licensed) — madhuloka.com online shop, Beer category"", ""source_url"": ""https://www.madhuloka.com/shop/category/beer-3"", ""confidence"": ""Medium""}]",,,,https://www.madhuloka.com/shop/category/beer-3/page/2,"Madhuloka (Karnataka liquor retail chain, CL5-licensed) — madhuloka.com online shop, Beer category",Medium,Price/name from category listing page text only; detail page not opened.
Guinness Tin,Guinness (Diageo),Diageo,,,,Unverified,Can/Tin,535.0,535.0,"[{""value"": ""₹535.00"", ""source"": ""Madhuloka (Karnataka liquor retail chain, CL5-licensed) — madhuloka.com online shop, Beer category"", ""source_url"": ""https://www.madhuloka.com/shop/category/beer-3"", ""confidence"": ""Medium""}]",,,,https://www.madhuloka.com/shop/category/beer-3/page/2,"Madhuloka (Karnataka liquor retail chain, CL5-licensed) — madhuloka.com online shop, Beer category",Medium,Price/name from category listing page text only; detail page not opened.
Kingfisher Beer,Kingfisher,,,,,650ml,,,,[],8905002180007,8905002180007,https://images.openfoodfacts.org/images/products/890/500/218/0007/front_en.4.400.jpg,,Open Food Facts (world.openfoodfacts.org),Medium,"VERIFIED by direct GET to https://world.openfoodfacts.org/api/v2/product/8905002180007.json (product/8905002180007) on 2026-08-05. Fields observed: product_name='Kingfisher Beer', brands='Kingfisher', quantity='650ml', categories_tags include en:beers/en:lagers, countries_tags=en:india. No ABV or calorie/nutriment data present on the page (nutriments block only has an added-sugars=0 entry, no energy/alcohol). Barcode prefix 890 is the India GS1 country-code range, consistent with an Indian SKU."
Kingfisher Ultra,Kingfisher (brand field on record is blank; inferred from product_name text 'Kingfisher ultra'),,,,,,,,,[],8905002026015,8905002026015,https://images.openfoodfacts.org/images/products/890/500/202/6015/front_fr.3.400.jpg,,Open Food Facts (world.openfoodfacts.org),Low,"VERIFIED by direct GET to https://world.openfoodfacts.org/api/v2/product/8905002026015.json on 2026-08-05. product_name='Kingfisher ultra', categories_tags include en:beers/en:lagers, countries_tags=en:india, but the 'brands' field is empty/absent and no quantity, ABV, or energy data is populated — so brand attribution is inference from the free-text name, not a structured field. Only sugars/saturated-fat=0 nutriments present, no alcohol/energy."
Kingfisher (unlabeled beer entry),kingfisher,,,,,,,,,[],8905002004020,8905002004020,https://images.openfoodfacts.org/images/products/890/500/200/4020/front_en.4.400.jpg,,Open Food Facts (world.openfoodfacts.org),Low,"VERIFIED by direct GET to https://world.openfoodfacts.org/api/v2/product/8905002004020.json on 2026-08-05. product_name is literally 'beer' (generic, low-quality crowdsourced entry), brands='kingfisher', countries_tags=en:india. No size, ABV, or nutriment data at all. Included only because brand + country + barcode prefix are consistent with a real Kingfisher India SKU; the specific variant cannot be identified."
Tuborg Strong Beer,Tuborg,,,,,500 ml,,,,[],8906018940104,8906018940104,https://images.openfoodfacts.org/images/products/890/601/894/0104/front_en.3.400.jpg,,Open Food Facts (world.openfoodfacts.org),Medium,"VERIFIED by direct GET to https://world.openfoodfacts.org/api/v2/product/8906018940104.json on 2026-08-05. product_name='Tuborg Strong Beer', brands='Tuborg', quantity='500 ml', countries_tags=en:india, categories_tags include en:beers. No ABV/calorie/nutriment fields present."
Tuborg (unlabeled entry #1),unknown (brands field empty on record),,,,,,,,,[],8906018940081,8906018940081,https://images.openfoodfacts.org/images/products/890/601/894/0081/front_fr.3.400.jpg,,Open Food Facts (world.openfoodfacts.org),Low,"VERIFIED by direct GET to https://world.openfoodfacts.org/api/v2/product/8906018940081.json on 2026-08-05. product_name='Tuborg', countries_tags=en:india, categories_tags include en:beers, but 'brands' field is empty and there is no size/ABV/calorie data. Product identity beyond 'Tuborg-branded, India' cannot be confirmed."
"Tuborg (unlabeled entry #2, generic 'beer')",tuborg,,,,,,,,,[],8906018944348,8906018944348,https://images.openfoodfacts.org/images/products/890/601/894/4348/front_en.3.400.jpg,,Open Food Facts (world.openfoodfacts.org),Low,"VERIFIED by direct GET to https://world.openfoodfacts.org/api/v2/product/8906018944348.json on 2026-08-05. product_name is literally 'beer', brands='tuborg', countries_tags=en:india. No size, ABV, or nutriment data. Low-quality crowdsourced entry."
Budweiser (India) — entry with corrupted product_name 'P',Budweiser,,,,,,,,,[],8902246004984,8902246004984,https://images.openfoodfacts.org/images/products/890/224/600/4984/front_en.9.400.jpg,,Open Food Facts (world.openfoodfacts.org),Low,"VERIFIED by direct GET to https://world.openfoodfacts.org/api/v2/product/8902246004984.json on 2026-08-05. brands='Budweiser', countries_tags=en:india, but product_name field literally contains just the single character 'P' — an apparent data-entry error/truncation, not a real product name. No size, ABV, or nutriment data. Barcode prefix 890 = India GS1 range."
Budweiser Lager,Budweiser (inferred from product_name text; 'brands' field absent on record),,,,,650 ml,,,,[],8902246000597,8902246000597,https://images.openfoodfacts.org/images/products/890/224/600/0597/front_en.5.400.jpg,,Open Food Facts (world.openfoodfacts.org),Medium,"VERIFIED by direct GET to https://world.openfoodfacts.org/api/v2/product/8902246000597.json on 2026-08-05. product_name='Budweiser lager', quantity='650 ml', countries_tags=en:india, ecoscore_tags=['d']. 'brands' structured field is empty (brand inferred from the name text). No ABV/calorie data present."
Bira — product listed as 'Boom' (unverified variant name),Bira,,,,,,,,,[],8908005126324,8908005126324,https://images.openfoodfacts.org/images/products/890/800/512/6324/front_en.4.400.jpg,,Open Food Facts (world.openfoodfacts.org),Low,"VERIFIED by direct GET to https://world.openfoodfacts.org/api/v2/product/8908005126324.json on 2026-08-05. brands='Bira', product_name='Boom', countries_tags=en:india, categories_tags include en:beers. I could not independently confirm that Bira91 sells a product literally named 'Boom' — this may be a mislabeled/incomplete crowdsourced entry. No size, ABV, or nutriment data. Flagging low confidence on the product-name field specifically; brand+country+barcode are more credible."
Haywards 5000 (inferred from product_name 'haywards' + quantity '5000'),"listed brand field is 'the originl' (likely a garbled/typo'd data entry, possibly intended as 'The Original')",,Strong beer (categories_tags include en:strong-beers),,,,,,,[],8902246004656,8902246004656,,,Open Food Facts (world.openfoodfacts.org),Low,"VERIFIED by direct GET to https://world.openfoodfacts.org/api/v2/product/8902246004656.json on 2026-08-05. product_name='haywards', quantity field literally '5000' (not a real unit — likely someone entered the product line number '5000' from 'Haywards 5000' into the quantity field), brands='the originl', countries_tags=en:india, ecoscore_tags=['d'], labels_tags=['en:9004712564'] (an unexplained numeric label, possibly a duplicate/other barcode — not verified). No image, no ABV/calorie data. This is a plausible but not confidently confirmed match to the well-known 'Haywards 5000' strong beer sold by AB InBev/SAB Miller in India — treat the specific SKU identity as inference, not confirmed fact."
Yavira (brand: Kimaya Himalayan Beverages),Kimaya Himalayan Beverages,,,,,500 ml,,,,[],8906113870139,8906113870139,https://images.openfoodfacts.org/images/products/890/611/387/0139/front_en.13.400.jpg,,Open Food Facts (world.openfoodfacts.org),Low,"VERIFIED by direct GET to https://world.openfoodfacts.org/api/v2/product/8906113870139.json on 2026-08-05. product_name='yavira', brands='Kimaya Himalayan Beverages', quantity='500 ml', countries_tags=en:india, categories_tags include en:beers, labels_tags include en:vegetarian and en:green-dot-india. Kimaya Himalayan Beverages is a real Himachal Pradesh brewery, but I could not independently confirm 'Yavira' as one of its actual marketed beer names — flagging as unverified beyond what's on this OFF page. No ABV/calorie data."
